,chin_x0,chin_y0,chin_x1,chin_y1,chin_x2,chin_y2,chin_x3,chin_y3,chin_x4,chin_y4,chin_x5,chin_y5,chin_x6,chin_y6,chin_x7,chin_y7,chin_x8,chin_y8,chin_x9,chin_y9,chin_x10,chin_y10,chin_x11,chin_y11,chin_x12,chin_y12,chin_x13,chin_y13,chin_x14,chin_y14,chin_x15,chin_y15,chin_x16,chin_y16,right_eyebrow_x0,right_eyebrow_y0,right_eyebrow_x1,right_eyebrow_y1,right_eyebrow_x2,right_eyebrow_y2,right_eyebrow_x3,right_eyebrow_y3,right_eyebrow_x4,right_eyebrow_y4,left_eyebrow_x0,left_eyebrow_y0,left_eyebrow_x1,left_eyebrow_y1,left_eyebrow_x2,left_eyebrow_y2,left_eyebrow_x3,left_eyebrow_y3,left_eyebrow_x4,left_eyebrow_y4,nose_x0,nose_y0,nose_x1,nose_y1,nose_x2,nose_y2,nose_x3,nose_y3,nose_x4,nose_y4,nose_x5,nose_y5,nose_x6,nose_y6,nose_x7,nose_y7,nose_x8,nose_y8,right_eye_x0,right_eye_y0,right_eye_x1,right_eye_y1,right_eye_x2,right_eye_y2,right_eye_x3,right_eye_y3,right_eye_x4,right_eye_y4,right_eye_x5,right_eye_y5,left_eye_x0,left_eye_y0,left_eye_x1,left_eye_y1,left_eye_x2,left_eye_y2,left_eye_x3,left_eye_y3,left_eye_x4,left_eye_y4,left_eye_x5,left_eye_y5,mouth_x0,mouth_y0,mouth_x1,mouth_y1,mouth_x2,mouth_y2,mouth_x3,mouth_y3,mouth_x4,mouth_y4,mouth_x5,mouth_y5,mouth_x6,mouth_y6,mouth_x7,mouth_y7,mouth_x8,mouth_y8,mouth_x9,mouth_y9,mouth_x10,mouth_y10,mouth_x11,mouth_y11,mouth_x12,mouth_y12,mouth_x13,mouth_y13,mouth_x14,mouth_y14,mouth_x15,mouth_y15,mouth_x16,mouth_y16,mouth_x17,mouth_y17,mouth_x18,mouth_y18,mouth_x19,mouth_y19,target
00q0.jpg,107,131,108,151,111,172,115,192,122,210,134,226,148,239,164,250,183,253,203,250,220,239,237,227,249,213,256,194,260,173,264,153,266,132,114,105,122,91,138,84,155,85,172,91,194,92,212,87,230,86,247,92,257,107,182,107,181,116,181,125,180,135,164,151,172,154,181,156,189,154,198,152,131,115,140,109,150,107,160,113,150,115,140,116,207,114,218,108,228,110,237,116,228,117,218,116,150,191,160,180,172,176,182,179,192,177,205,182,217,192,205,202,192,207,181,208,171,206,159,200,156,190,172,185,181,186,192,186,211,192,192,197,181,197,171,196,0
00q1.jpg,114,96,115,113,118,129,122,146,126,162,135,176,147,189,161,199,176,201,192,198,206,188,219,175,227,161,232,144,234,128,237,111,239,95,118,85,125,73,138,71,151,73,165,78,183,78,197,73,211,71,225,73,232,84,176,89,175,99,175,110,175,121,162,132,169,133,175,134,182,133,188,131,133,95,140,92,149,91,157,95,149,98,140,99,193,94,202,90,211,91,218,94,211,97,202,97,152,156,160,154,168,152,175,154,182,151,191,153,200,155,191,162,183,165,175,166,169,165,160,162,156,156,168,156,175,157,182,156,196,156,182,156,175,157,169,156,0
00q2.jpg,144,64,145,87,150,111,155,132,161,154,173,172,187,188,202,201,221,204,240,201,257,188,274,174,287,157,297,138,302,116,307,92,309,70,149,47,159,36,177,34,193,37,209,44,241,46,258,42,274,40,290,42,302,52,224,63,224,78,224,92,223,108,206,119,214,121,223,124,231,122,240,120,166,62,176,56,189,56,200,66,188,68,175,68,250,67,261,59,274,59,284,66,275,71,261,70,191,153,202,150,213,147,222,150,230,147,241,151,250,155,241,163,230,169,220,170,211,169,200,164,195,155,213,155,221,157,231,155,245,156,230,156,221,158,212,156,0
00q3.jpg,122,133,123,154,127,176,131,197,139,216,150,233,164,249,179,262,198,266,218,261,235,248,252,234,266,217,276,197,281,176,284,154,285,132,127,109,137,97,153,93,170,95,185,101,215,103,231,98,248,96,264,99,276,111,199,120,198,133,197,146,197,160,182,175,190,177,198,179,206,177,215,175,144,123,154,118,166,117,177,125,165,128,153,128,225,126,236,119,248,119,257,125,248,129,236,129,168,212,178,205,190,200,198,203,206,200,217,204,228,210,217,221,206,227,197,228,189,228,178,223,173,212,189,210,198,211,206,210,221,211,206,213,197,215,189,214,0
00q4.jpg,146,88,147,108,151,129,155,149,160,168,170,185,182,199,196,213,212,217,228,214,244,203,259,190,272,175,280,157,286,138,291,118,295,98,153,76,163,67,178,68,193,72,207,78,235,82,250,79,264,76,279,77,289,86,219,94,219,108,218,122,217,136,202,143,209,146,216,149,224,147,231,145,169,90,178,85,189,86,197,95,187,96,176,95,243,98,252,91,263,92,272,98,263,102,252,101,190,170,200,168,208,166,215,169,222,167,231,170,239,175,230,181,221,184,213,184,206,183,198,179,194,171,208,172,215,174,222,173,234,175,221,174,214,174,207,172,0
00q5.jpg,113,135,113,157,116,180,120,202,126,223,137,242,151,258,167,271,187,275,208,272,227,260,244,246,257,228,266,208,271,186,276,164,278,141,118,110,128,97,145,95,161,98,177,105,206,106,224,101,242,99,259,103,269,116,191,124,190,138,190,152,188,167,172,180,180,183,189,186,198,184,207,181,134,126,144,121,156,122,166,128,155,130,144,130,218,130,229,124,240,125,249,130,240,133,229,132,157,217,168,208,179,204,187,207,197,204,209,210,220,219,209,231,197,237,187,238,178,237,167,230,163,217,179,212,187,213,197,213,214,219,197,224,187,225,178,224,0
00q6.jpg,121,87,124,112,128,137,133,160,141,183,153,201,170,214,188,224,210,225,234,221,254,211,271,198,285,180,293,159,298,136,301,113,303,89,130,65,141,51,160,47,178,51,196,58,223,59,241,53,258,50,276,52,288,64,207,75,206,89,206,103,206,118,190,134,199,135,208,137,218,134,228,132,149,80,159,74,172,73,183,81,171,85,159,85,236,80,246,72,259,73,269,79,260,84,247,83,177,171,189,164,201,160,210,162,219,159,231,163,243,169,231,175,220,179,210,179,201,179,189,177,183,170,201,168,210,169,220,168,237,169,220,166,210,167,201,167,0
00q7.jpg,74,101,77,128,82,154,91,179,101,203,112,226,128,244,148,255,171,257,193,253,211,239,226,221,238,199,247,176,253,153,258,129,262,102,84,89,97,72,119,68,141,72,161,81,177,82,198,75,219,71,241,72,255,87,172,96,172,114,173,132,173,151,151,162,161,167,172,170,183,167,192,162,108,102,118,99,130,97,143,102,130,106,118,107,200,102,212,98,224,98,234,101,224,106,212,106,139,202,149,195,162,191,173,194,182,191,193,195,201,202,193,212,182,218,172,219,160,218,149,213,145,202,161,198,173,199,182,198,195,203,182,204,172,205,161,204,0
01q0.jpg,118,157,120,173,122,188,124,203,128,218,135,230,147,239,162,244,180,244,198,243,214,238,227,229,235,216,240,201,241,186,242,170,243,153,125,135,131,125,143,119,156,117,168,119,184,118,197,115,210,116,222,121,230,132,177,132,177,140,177,148,177,157,167,173,172,173,178,173,184,173,189,172,138,142,145,137,154,136,162,141,154,143,145,144,193,140,201,134,210,134,217,139,210,141,201,141,153,201,162,193,171,189,178,190,185,188,194,192,205,200,195,202,186,203,179,203,171,203,163,203,157,200,171,195,178,196,185,195,200,199,185,195,178,196,171,196,1
01q1.jpg,91,139,93,159,95,179,97,199,103,217,113,234,127,248,143,260,163,263,183,260,198,248,210,232,219,216,224,197,227,178,230,158,230,137,99,129,108,119,121,115,136,115,151,119,171,118,186,114,201,113,215,117,224,127,161,134,161,147,161,159,161,172,148,183,154,185,162,186,169,185,175,183,115,138,123,133,134,132,142,138,133,140,123,141,181,138,190,131,200,131,208,136,200,139,190,139,133,212,143,209,154,206,162,208,169,206,180,209,191,213,180,220,170,224,162,225,153,224,143,221,137,213,154,214,162,215,169,214,186,213,169,214,162,215,153,214,1
01q2.jpg,149,129,149,144,152,159,154,174,159,188,167,199,177,207,189,213,203,215,217,213,230,207,240,197,248,185,252,171,256,157,259,143,260,127,157,115,162,105,173,100,184,100,195,103,211,105,221,101,233,100,244,104,252,114,203,116,203,125,203,133,202,141,192,154,197,155,203,156,208,155,214,153,169,121,175,115,183,115,189,122,183,123,175,123,219,122,226,116,234,115,240,121,234,124,226,123,182,177,190,171,198,167,203,169,208,167,216,172,224,178,216,183,208,185,203,185,197,184,190,183,186,177,198,174,203,174,208,174,220,178,208,176,203,176,197,176,1
02q0.jpg,97,78,98,106,101,133,105,160,112,186,125,208,144,225,166,235,195,238,223,236,248,227,269,211,282,188,290,162,296,136,300,111,302,84,119,42,132,30,150,24,169,26,186,34,219,34,237,29,256,28,272,35,283,49,203,56,202,70,202,83,201,98,180,117,189,121,199,124,209,122,217,120,139,67,151,62,163,62,176,68,163,71,150,72,227,70,240,64,253,66,264,72,253,75,240,74,152,161,170,148,187,142,198,144,209,142,225,149,241,163,225,178,209,182,197,183,186,182,169,176,159,161,187,153,197,154,209,153,234,164,209,170,197,170,186,169,2
02q1.jpg,78,97,79,117,82,136,87,155,92,173,101,191,114,206,131,216,150,220,170,217,187,207,201,193,209,176,214,158,218,140,222,121,223,101,95,77,104,70,116,69,128,72,140,77,165,75,177,71,189,70,201,74,210,82,151,94,151,105,150,117,150,129,138,139,143,142,150,144,157,142,163,140,108,97,116,92,126,93,134,99,125,101,116,101,169,100,178,94,187,94,195,99,188,103,178,102,124,170,133,162,143,159,150,160,157,159,167,163,177,171,168,181,158,186,150,186,143,185,133,181,129,170,143,167,150,168,157,168,172,171,157,175,150,175,143,175,2
02q2.jpg,141,75,143,93,145,109,149,125,155,140,163,154,174,166,187,173,201,174,216,172,230,165,242,153,250,140,255,124,257,108,261,92,263,75,152,62,161,57,171,56,182,59,192,64,211,62,222,58,232,56,243,57,251,63,201,74,200,86,200,97,199,109,189,115,194,117,200,118,206,117,212,114,164,76,170,73,179,73,187,78,178,80,170,80,217,78,224,73,232,72,239,76,233,80,224,80,179,136,186,132,196,129,202,130,207,129,216,131,225,135,217,145,208,149,202,150,196,150,187,146,182,137,195,135,201,135,207,134,221,135,207,141,202,142,196,142,2
03q0.jpg,99,162,102,182,106,201,112,220,120,238,132,252,151,263,174,269,201,269,227,265,248,256,264,243,273,225,277,205,279,185,279,165,278,146,113,117,121,103,135,94,152,91,167,95,201,91,218,84,235,85,250,92,261,105,188,114,189,123,190,131,190,140,176,166,184,165,192,165,199,164,207,164,130,134,139,127,151,124,164,128,153,133,141,135,212,124,225,119,236,119,246,125,236,127,225,127,156,211,169,190,184,179,193,180,203,178,219,186,233,205,222,217,207,221,197,222,187,223,171,220,163,209,185,192,194,191,204,191,226,204,205,207,195,207,186,208,3
03q1.jpg,144,128,146,143,149,158,152,172,158,186,167,197,180,206,193,213,209,215,225,212,237,203,248,193,256,181,260,167,262,153,263,139,264,123,154,108,161,100,171,96,182,96,192,99,217,99,227,94,238,93,248,97,255,104,206,114,206,123,207,132,208,142,196,152,202,153,208,154,213,153,219,152,165,120,172,115,181,115,190,120,181,122,172,122,221,119,230,113,238,113,245,118,239,121,230,121,179,173,191,166,201,163,208,164,214,163,224,165,234,171,225,181,215,185,209,186,202,185,191,182,183,173,201,168,208,168,214,168,231,171,215,177,208,178,202,178,3
03q2.jpg,127,131,129,147,132,162,136,176,142,190,151,201,164,210,178,218,194,220,209,217,222,209,233,199,239,187,243,173,244,158,246,143,247,128,139,110,147,103,158,100,169,100,179,105,203,105,213,100,224,99,234,102,241,110,192,120,192,129,193,138,194,148,182,159,188,160,194,161,199,160,204,159,150,124,157,118,166,118,174,125,166,127,157,127,207,125,215,119,224,119,231,124,225,127,216,127,167,180,177,175,187,171,193,173,199,171,208,174,217,180,208,186,200,189,194,190,187,189,178,187,171,180,187,179,193,180,199,179,213,180,199,180,193,181,187,180,3
03q3.jpg,140,114,143,128,148,141,152,155,158,168,168,178,181,187,196,193,212,193,227,190,239,182,248,172,254,159,256,145,257,131,257,118,257,104,151,92,158,85,168,81,179,81,189,84,213,81,222,77,232,74,242,76,249,84,203,97,205,106,206,115,208,124,196,136,202,136,208,136,212,135,217,135,162,105,168,99,178,99,186,104,178,107,169,108,218,101,225,94,234,94,241,98,235,102,227,103,183,158,193,152,203,148,209,149,215,147,224,150,233,153,225,160,216,164,210,165,204,165,194,163,186,158,203,155,209,155,215,154,229,154,216,156,210,156,204,157,3
04q0.jpg,131,125,133,144,135,161,140,177,147,194,158,207,172,216,189,223,207,225,223,222,236,213,248,202,255,187,259,170,261,154,262,137,262,120,143,103,152,94,165,90,178,90,190,95,210,94,221,89,233,88,245,90,253,99,201,108,202,119,203,130,204,142,189,152,196,154,204,155,211,154,217,152,157,117,164,112,173,112,181,116,173,118,164,119,218,115,226,110,235,109,242,114,236,117,227,117,179,179,188,171,197,168,204,170,210,168,219,172,227,180,219,188,210,191,204,192,196,191,188,187,184,179,197,173,204,174,210,174,223,179,210,183,203,184,196,183,4
04q1.jpg,125,113,128,135,132,156,137,176,144,197,155,215,169,231,186,244,205,247,224,243,242,230,258,214,269,194,276,172,279,149,280,125,281,101,129,106,137,96,151,92,166,92,180,96,216,94,230,88,244,84,258,85,268,94,200,112,200,129,201,146,201,163,184,167,192,171,201,174,210,171,218,168,146,115,154,109,165,108,175,115,165,118,154,119,221,113,230,104,242,103,252,108,244,114,232,115,176,197,182,191,190,189,199,192,207,190,218,193,229,198,219,213,208,219,199,219,190,218,182,210,181,197,191,193,199,195,208,194,223,199,208,207,199,208,190,206,4
04q2.jpg,124,136,126,154,129,170,133,186,139,201,150,213,164,224,178,232,194,235,209,232,221,223,231,211,239,196,243,181,245,165,247,149,247,133,136,124,143,113,156,108,170,109,183,113,205,113,216,109,228,108,239,111,244,121,194,127,195,138,197,149,198,160,184,169,190,171,197,172,202,171,207,169,150,132,158,127,167,126,176,133,167,135,158,135,207,132,216,126,225,125,232,130,226,134,216,134,173,194,181,188,189,185,196,187,201,185,208,188,213,195,208,204,201,208,195,208,188,207,180,203,178,194,189,189,195,190,200,190,209,195,200,199,195,200,189,199,4
05q0.jpg,126,107,128,127,132,146,137,164,144,182,155,199,169,212,183,222,200,226,216,222,231,212,244,198,254,182,261,164,266,145,270,126,272,105,133,101,142,91,155,88,170,89,184,94,205,93,220,90,235,89,250,93,260,104,194,110,193,124,192,138,192,152,180,158,186,161,193,163,201,160,209,158,151,113,159,110,167,110,176,113,167,114,159,115,216,113,225,110,234,111,243,114,234,116,225,115,175,178,182,174,189,171,196,173,203,171,212,174,223,178,214,189,204,193,197,193,190,192,183,188,179,178,190,177,196,178,203,177,218,179,204,185,197,185,190,184,5
05q1.jpg,122,99,124,117,127,134,131,151,138,166,149,179,163,188,177,196,193,199,208,195,222,187,235,177,245,164,252,150,257,135,259,119,260,102,134,95,143,87,156,83,170,84,183,89,200,88,213,84,227,84,240,87,249,95,191,103,191,117,190,130,190,143,175,144,182,148,191,151,199,148,207,144,148,106,156,105,164,105,173,106,165,108,157,108,210,107,218,105,226,106,234,107,226,109,218,108,169,160,178,157,186,155,192,157,198,155,206,157,215,160,207,168,199,172,192,173,185,172,178,168,173,160,186,160,192,160,199,159,211,160,199,163,192,164,186,163,5
05q2.jpg,103,47,106,67,108,85,112,102,118,118,127,133,142,144,158,152,175,155,192,152,208,144,223,134,233,120,240,105,245,88,249,69,252,49,117,40,126,30,140,27,155,27,168,32,186,33,200,29,216,29,231,33,241,44,177,48,176,62,175,75,175,89,161,93,167,97,175,99,183,97,190,94,132,50,140,49,149,49,158,52,149,54,140,54,196,53,205,51,214,52,223,53,214,56,205,55,151,113,160,109,168,107,175,108,182,107,190,110,199,115,190,122,182,125,175,125,168,124,159,120,156,113,168,111,175,112,182,112,194,115,182,116,175,116,168,115,5
06q0.jpg,182,99,182,113,184,126,186,140,191,152,198,164,207,174,217,182,231,184,245,182,257,175,268,167,276,156,282,145,285,131,286,117,287,103,188,88,193,80,202,77,212,78,222,81,241,82,250,80,260,79,270,82,276,89,231,94,231,101,231,108,231,115,221,126,226,127,231,128,236,127,241,126,198,95,204,91,212,92,218,97,211,99,204,98,245,98,251,93,259,93,264,97,259,100,252,100,212,148,219,143,226,140,231,142,235,140,243,143,250,148,243,152,236,155,230,156,225,156,219,153,216,148,226,147,231,147,235,147,246,148,236,147,231,148,226,147,6
06q1.jpg,132,82,132,96,133,110,135,124,139,136,147,147,156,156,166,164,180,166,194,164,205,158,215,150,223,139,228,127,232,114,234,100,234,87,140,74,146,67,156,66,165,68,173,73,191,74,201,71,211,70,221,72,227,80,182,83,182,91,182,99,182,107,171,114,176,116,181,118,187,117,193,115,151,84,156,82,163,82,168,86,162,87,155,87,197,88,203,85,209,85,215,88,209,90,203,90,161,133,169,130,176,129,181,130,187,129,194,131,201,134,194,138,187,140,181,141,175,140,168,138,164,133,176,133,181,134,186,133,198,134,186,133,181,134,176,133,6
06q2.jpg,146,96,147,110,149,124,152,138,157,151,164,163,175,173,187,179,201,181,216,179,230,173,241,164,249,153,253,139,255,126,257,112,258,98,154,83,160,75,170,72,181,73,190,78,210,78,220,74,231,74,242,78,248,86,200,88,200,95,200,103,200,110,190,121,195,122,201,124,206,122,211,121,165,92,171,88,178,88,186,92,178,94,171,94,216,93,222,88,230,89,236,93,230,94,223,94,180,143,188,138,195,135,200,136,206,135,214,138,222,143,214,147,206,149,200,150,195,150,188,147,184,143,195,141,200,142,206,141,218,143,206,141,200,142,195,141,6
06q3.jpg,164,82,166,96,169,109,173,123,177,135,182,147,190,158,200,165,212,167,225,165,236,158,245,148,251,136,256,123,258,109,259,94,259,80,171,69,176,63,184,63,192,65,199,69,210,69,219,65,229,63,238,64,245,70,205,76,205,83,205,90,205,97,199,109,203,110,207,111,212,110,216,109,180,78,184,74,190,74,195,79,190,80,184,80,219,79,224,74,230,74,236,78,231,80,225,80,195,135,198,128,204,124,209,125,213,124,220,127,225,134,221,139,215,141,210,141,205,141,199,139,198,134,204,130,209,130,214,129,223,133,214,133,210,133,205,133,6
07q0.jpg,117,140,119,159,122,178,125,196,130,214,140,229,153,241,169,251,186,253,203,249,216,239,227,226,235,211,239,194,242,177,245,160,248,144,127,132,137,125,149,124,161,128,173,134,203,134,214,130,226,127,238,128,246,135,189,146,189,157,189,169,190,181,175,189,181,190,188,192,195,191,201,189,141,145,149,143,158,143,167,148,158,150,148,150,208,150,217,146,225,146,233,148,226,152,217,152,160,212,171,209,180,207,187,209,193,207,201,209,210,212,202,219,194,222,187,223,180,223,171,220,165,212,180,212,187,213,193,212,206,213,194,213,187,214,180,213,7
07q1.jpg,150,109,152,125,155,141,159,156,163,171,172,184,183,194,196,203,211,205,226,203,238,195,249,185,258,173,262,159,265,144,268,130,270,115,159,97,166,89,177,87,189,88,199,93,225,94,235,91,246,90,257,93,263,101,212,105,212,115,212,124,212,133,199,140,205,142,211,144,218,143,224,141,172,107,178,104,186,104,193,109,186,109,178,109,230,110,237,107,245,107,251,111,245,112,237,111,183,159,193,155,204,153,211,155,218,154,228,156,237,160,228,172,218,176,210,177,203,176,192,171,186,160,204,156,211,157,218,157,233,161,218,169,210,170,203,169,7
08q0.jpg,166,110,167,123,169,135,171,147,175,158,181,169,189,177,199,184,211,186,223,185,233,178,243,171,250,161,254,150,256,138,259,126,261,114,173,102,179,95,188,93,197,95,206,99,223,101,231,98,240,97,249,100,255,106,214,110,214,118,214,126,214,135,204,140,208,142,213,144,218,143,223,141,183,110,189,108,195,108,201,112,195,113,188,113,227,114,233,110,240,111,245,114,240,116,233,115,195,157,202,154,209,152,213,154,217,153,223,155,229,158,222,163,216,166,212,166,207,166,201,163,198,157,208,156,213,156,217,156,226,158,216,160,212,161,208,160,8
08q1.jpg,116,72,117,85,119,97,122,109,126,121,132,132,140,141,150,149,161,151,173,149,183,139,193,130,201,119,204,107,206,95,207,82,208,70,124,59,128,53,135,50,143,50,151,54,172,56,179,53,187,51,195,54,200,60,161,66,162,75,162,83,162,92,152,96,157,98,162,100,168,98,173,96,133,69,139,68,143,68,149,70,143,70,138,70,175,70,181,68,186,68,191,70,186,70,180,70,142,111,149,107,157,106,163,107,168,106,176,107,183,110,176,120,168,126,162,127,156,126,148,121,144,111,157,110,163,110,168,110,180,111,168,120,162,121,156,120,8
08q2.jpg,141,95,143,107,146,119,150,131,155,141,163,150,172,157,182,163,194,164,205,162,213,155,221,147,227,137,231,126,232,114,234,103,235,91,150,82,156,76,164,73,173,74,182,77,200,77,208,74,216,72,224,75,229,81,191,87,192,95,193,102,194,110,183,117,188,118,193,119,198,118,202,117,161,91,166,88,172,88,178,91,172,92,166,93,203,90,209,87,215,87,220,90,215,92,209,91,175,134,181,131,188,129,193,130,197,129,204,130,210,133,204,141,198,145,193,145,188,145,181,142,178,135,188,133,193,133,198,133,207,134,198,139,193,139,188,139,8
09q0.jpg,171,107,172,121,174,134,178,147,183,159,190,171,200,180,211,188,224,190,238,188,249,180,259,170,266,159,271,146,274,133,277,119,278,105,180,90,187,83,198,80,208,80,218,84,231,85,241,81,252,80,262,83,269,90,225,96,226,105,226,114,226,123,216,132,221,133,226,134,231,133,235,132,191,99,197,95,205,95,211,100,204,102,197,102,239,100,246,95,253,95,259,99,254,102,246,102,206,156,213,150,220,146,225,147,230,146,237,149,243,156,237,164,230,168,225,168,220,168,213,165,210,156,221,150,225,150,230,150,240,156,230,160,225,161,220,160,9
09q1.jpg,108,135,110,147,112,160,115,172,120,183,127,193,137,201,148,207,161,208,174,206,185,199,193,190,199,179,202,168,204,155,205,143,205,130,117,117,123,110,132,106,142,106,151,109,165,109,174,106,183,105,192,109,198,116,159,120,159,128,159,135,160,143,151,153,156,153,160,154,164,153,169,152,127,125,133,121,139,121,146,125,139,126,133,126,171,125,177,121,184,120,189,124,184,126,177,126,142,174,148,168,155,164,160,165,165,164,171,168,178,174,172,181,166,184,161,184,155,184,148,181,145,174,155,169,160,170,165,169,175,174,165,176,160,177,155,176,9
09q2.jpg,155,110,156,124,158,137,161,151,165,163,172,174,182,184,192,191,204,193,216,191,226,183,234,174,241,163,245,151,248,138,251,125,252,112,165,98,172,93,181,90,191,92,200,95,214,96,222,93,231,92,240,95,246,101,207,106,206,115,206,124,206,133,197,141,201,142,206,143,211,142,215,141,174,108,180,104,187,104,194,110,187,111,180,110,219,110,225,105,231,105,237,109,232,112,225,112,187,159,195,156,202,154,206,155,210,154,216,156,222,160,215,165,210,168,205,168,201,167,194,165,190,159,202,159,206,160,210,159,219,160,209,160,206,160,201,160,9
10q0.jpg,174,117,176,131,179,144,181,157,184,169,191,180,200,188,210,196,222,198,233,196,244,190,253,181,259,169,263,157,266,144,268,130,270,116,181,114,188,110,197,110,206,113,214,116,229,116,238,113,247,111,256,112,263,117,222,123,222,132,223,140,223,149,212,153,217,154,222,156,227,154,232,153,190,123,196,120,202,120,208,125,202,126,195,126,236,126,241,121,248,121,253,125,248,127,242,127,202,168,210,165,217,165,222,166,227,165,234,166,240,168,234,177,227,181,222,181,217,180,209,177,205,168,217,168,222,168,227,168,238,169,227,175,222,175,217,174,10
10q1.jpg,108,91,109,105,111,118,113,131,117,144,123,155,133,164,143,172,153,176,165,174,176,167,187,159,195,149,200,136,203,123,207,109,209,95,116,85,123,80,132,80,141,83,150,87,165,88,175,85,184,84,194,85,201,90,158,96,158,103,158,111,157,119,147,125,152,127,156,128,162,127,166,126,125,95,131,92,138,93,143,97,137,99,130,98,171,99,177,95,184,95,190,99,184,101,178,101,137,143,144,140,151,139,156,140,161,139,168,141,174,145,167,152,160,155,155,156,150,155,143,151,140,143,151,142,156,143,161,143,171,145,161,149,155,150,151,149,10
10q2.jpg,146,101,147,113,149,125,151,136,155,147,160,157,168,166,176,173,186,176,197,174,207,168,217,160,224,150,228,138,231,126,234,113,236,100,151,95,157,91,165,92,172,94,179,97,192,97,200,94,209,92,217,92,225,95,185,103,185,110,185,118,184,125,177,130,181,132,185,133,189,132,194,131,158,104,163,101,169,101,174,105,169,106,163,106,199,106,204,102,210,102,216,105,211,107,205,107,171,147,176,144,181,142,185,144,189,143,196,145,202,148,196,155,190,157,185,158,181,157,175,154,174,147,181,147,185,147,189,147,199,148,189,151,185,152,181,151,10
11q0.jpg,112,114,112,128,114,141,116,154,122,166,129,177,139,185,150,191,163,192,174,190,184,183,193,174,198,163,202,151,204,139,206,126,207,112,120,105,126,99,135,97,145,98,154,102,169,102,178,98,187,96,197,98,202,105,161,111,162,121,162,132,162,142,150,146,156,148,162,150,168,148,173,145,130,112,136,109,142,110,148,114,142,115,135,115,174,114,180,109,186,109,192,112,187,115,180,115,141,162,148,160,155,159,161,160,167,159,173,160,179,162,174,168,167,170,161,171,155,170,148,168,144,163,155,162,161,163,167,162,176,163,167,164,161,165,155,165,11
11q1.jpg,117,66,116,79,116,92,118,104,122,116,128,127,137,135,148,142,161,144,175,142,187,136,196,127,202,115,207,102,209,89,210,76,210,62,123,54,128,47,137,45,147,46,155,51,168,50,177,46,187,43,197,45,203,53,161,58,161,69,160,79,160,90,149,93,154,96,160,98,167,96,173,93,131,61,136,57,142,57,149,62,142,64,135,64,175,62,181,57,188,57,193,60,188,63,181,64,141,112,148,109,156,108,161,110,166,108,173,109,180,113,173,118,166,120,160,121,155,120,148,118,144,112,155,112,161,112,166,112,177,113,166,115,160,115,155,114,11
11q2.jpg,149,77,149,91,151,106,154,120,161,133,168,145,177,155,190,161,203,162,216,160,226,152,234,140,240,127,245,113,248,99,249,83,248,68,155,66,160,58,170,55,181,56,190,61,205,59,214,53,225,49,235,51,242,59,197,69,197,81,198,92,198,103,186,106,192,110,199,112,206,109,211,105,165,73,171,70,178,70,184,74,178,76,171,76,211,72,218,67,225,66,231,68,226,72,218,73,181,127,187,124,194,123,199,124,205,122,212,123,219,125,213,133,206,136,200,136,194,136,187,134,183,127,194,127,200,127,205,126,217,125,205,130,200,131,194,131,11
12q0.jpg,107,137,108,150,110,163,113,176,118,188,124,199,135,208,147,215,161,217,176,214,188,208,199,199,206,188,210,176,213,163,215,149,215,135,115,122,121,114,130,111,140,112,150,115,167,117,177,114,188,113,198,116,204,123,158,128,158,133,158,138,158,144,150,158,154,158,159,158,164,157,169,156,126,133,131,129,138,129,145,133,138,135,131,136,173,132,179,128,187,128,193,132,187,134,179,134,141,182,149,175,156,170,160,171,164,170,171,173,179,180,172,185,165,187,161,188,156,188,149,186,145,181,156,177,160,176,164,176,176,180,164,179,160,180,156,180,12
12q1.jpg,113,116,114,129,117,141,120,153,124,163,132,172,142,179,153,183,166,185,178,182,189,177,198,170,205,161,209,150,211,138,212,126,213,113,120,109,127,103,135,101,145,103,153,105,173,105,181,102,190,101,198,102,205,107,163,112,164,120,164,127,165,134,154,141,160,141,165,142,170,141,174,140,132,117,138,114,144,113,151,117,144,118,138,119,176,116,182,112,189,112,194,115,189,117,183,117,145,155,153,153,161,151,165,151,170,150,177,151,185,152,178,157,171,160,166,161,161,161,154,160,148,155,161,154,165,155,170,154,181,153,170,154,166,155,161,155,12
12q2.jpg,158,92,159,105,163,118,166,130,171,142,178,153,189,160,201,165,215,165,228,163,240,156,251,148,258,137,262,124,264,111,265,98,264,84,163,75,169,66,179,62,190,62,200,65,218,66,227,62,237,60,247,61,254,67,209,76,209,82,210,88,211,94,202,107,207,108,212,108,217,107,221,105,174,85,180,81,187,79,195,83,188,85,181,86,223,80,229,76,237,76,243,79,238,82,230,82,195,133,201,123,208,118,213,118,217,117,224,121,230,129,224,135,219,137,214,138,209,138,202,138,198,131,208,124,213,124,217,123,227,128,218,130,213,131,209,131,12
13q0.jpg,145,98,145,115,148,131,151,147,157,162,165,176,177,186,190,195,207,196,223,193,236,185,247,174,254,160,259,146,262,132,264,118,264,103,158,87,167,81,178,80,189,81,199,85,221,84,231,80,242,79,252,80,260,87,208,96,207,105,207,113,207,123,198,133,203,134,208,135,214,134,219,132,167,97,174,91,184,91,192,98,183,101,174,101,225,98,232,91,242,90,248,96,243,100,233,100,186,157,194,150,203,145,209,147,215,145,223,148,231,155,224,164,216,169,210,170,203,169,194,165,189,156,203,150,209,151,215,150,228,155,215,161,209,162,203,162,13
13q1.jpg,125,97,126,111,128,124,131,137,136,148,146,157,158,163,173,167,188,168,203,165,216,160,229,153,236,143,239,131,241,118,241,105,241,92,136,75,143,68,153,64,165,64,175,67,196,66,205,62,216,62,225,65,232,71,186,78,186,85,186,91,187,98,175,110,181,111,186,112,192,111,197,110,147,84,154,78,162,77,170,84,163,86,154,86,200,83,208,76,216,76,223,82,217,85,208,85,162,134,171,125,180,120,186,121,191,120,200,124,208,132,201,139,193,142,187,143,181,143,171,141,166,133,181,126,186,125,191,125,204,132,192,135,186,136,181,136,13
13q2.jpg,112,142,113,162,115,182,118,201,125,219,137,233,153,243,169,251,187,255,206,252,223,245,239,235,250,222,256,205,260,186,263,168,264,149,127,124,139,117,152,115,166,116,179,120,206,122,221,118,235,118,248,121,257,130,192,134,192,145,192,155,192,165,176,178,183,180,191,182,198,181,205,179,142,136,151,129,162,129,171,138,161,140,150,140,212,139,222,131,234,132,242,139,234,143,223,142,159,207,171,199,183,194,190,196,197,195,207,200,217,208,207,218,197,222,189,222,181,221,170,217,164,206,183,200,189,200,196,200,211,208,197,212,189,212,182,212,13
14q0.jpg,125,79,126,95,129,111,131,126,138,141,148,154,159,165,171,175,185,178,198,175,209,164,219,153,229,140,236,126,239,111,241,95,242,79,138,82,146,76,156,76,167,77,177,81,195,80,205,76,215,74,225,75,232,81,186,88,186,100,186,111,186,122,171,121,178,125,186,128,193,125,200,122,151,88,158,86,164,86,169,88,164,88,158,88,201,88,208,86,214,86,220,87,214,88,208,88,156,130,167,132,178,134,185,135,194,134,204,131,213,130,205,147,194,155,186,156,177,155,166,148,159,132,177,135,185,136,194,135,210,132,194,148,185,150,177,148,14
14q1.jpg,115,77,118,93,122,109,126,124,132,138,140,151,150,162,161,169,175,170,190,166,202,159,212,148,220,134,224,119,226,103,228,88,229,73,123,69,130,62,139,59,150,60,160,62,179,61,189,58,200,55,211,57,219,65,169,71,169,81,169,92,169,102,160,109,165,111,171,112,177,110,183,108,135,74,141,70,149,69,156,74,149,76,141,77,186,73,192,67,200,67,206,71,201,74,193,74,158,133,162,127,168,125,172,126,177,124,185,127,191,131,185,137,179,140,173,141,168,140,162,137,161,132,168,129,173,129,178,129,187,131,178,132,173,133,168,133,14
15q0.jpg,132,109,133,127,136,143,140,159,146,175,154,188,166,198,179,206,193,209,206,206,217,197,226,186,233,173,238,158,241,143,244,127,244,112,143,99,150,91,162,89,173,91,183,96,205,97,215,92,225,91,235,93,240,102,194,111,195,123,195,135,196,147,182,153,188,155,195,157,201,156,206,153,155,111,162,107,170,108,177,114,169,116,161,115,208,115,215,109,223,109,230,113,224,117,216,117,175,177,183,174,190,172,194,173,199,171,205,174,211,177,205,184,200,187,195,188,189,187,182,185,178,177,189,176,194,177,199,176,208,177,199,179,195,180,190,179,15
16q0.jpg,133,114,134,126,136,137,139,148,143,158,150,166,160,173,171,179,182,180,193,178,201,172,208,164,213,155,215,144,217,134,218,123,218,112,142,105,148,99,157,97,166,97,174,101,189,102,195,98,203,97,210,98,215,103,181,111,182,118,182,125,182,132,172,137,177,139,182,140,186,139,190,138,152,113,157,112,163,112,168,114,163,115,157,115,192,114,197,112,202,112,207,113,202,115,197,115,164,152,170,149,176,147,180,148,184,148,189,150,195,153,190,159,184,162,180,162,176,161,170,159,167,153,176,152,180,152,184,152,192,153,184,156,180,156,176,156,16
17q0.jpg,129,102,130,116,132,129,134,142,139,154,145,164,154,173,163,179,174,182,187,180,198,175,210,167,219,157,225,145,229,132,231,118,233,104,135,91,142,84,152,83,162,85,172,88,185,88,196,86,206,84,217,86,224,93,178,98,178,107,178,116,177,125,167,131,172,133,177,134,182,133,187,132,146,100,152,96,158,97,164,101,158,103,151,103,193,102,199,98,206,98,211,102,206,104,199,104,159,150,165,146,171,144,175,146,180,145,186,147,191,152,185,158,179,161,174,161,170,160,164,157,162,150,171,148,175,148,179,148,188,152,179,154,174,154,170,154,17
18q0.jpg,180,68,182,83,185,97,188,111,193,125,201,137,211,147,223,155,235,155,246,152,255,144,262,133,268,122,272,110,275,96,277,82,277,68,190,71,199,68,208,69,217,70,225,73,240,72,248,69,257,66,266,65,273,69,233,80,234,90,234,101,235,112,223,114,229,116,234,118,240,116,244,114,200,79,206,76,214,77,220,81,213,83,206,83,245,80,251,75,258,75,264,77,260,81,252,82,215,128,222,128,228,127,234,129,239,127,246,128,252,128,246,134,240,138,234,138,228,137,222,134,218,129,228,130,234,131,240,130,248,129,239,130,234,131,228,130,18
19q0.jpg,126,133,127,152,130,170,134,188,142,205,153,217,167,228,183,237,200,238,218,234,234,225,247,212,257,197,264,180,267,161,268,142,267,123,137,125,144,117,157,115,170,115,182,120,203,117,215,111,229,107,242,108,253,116,192,130,192,143,192,156,192,169,180,176,187,178,195,180,203,177,211,174,151,136,159,133,167,132,176,134,168,137,159,138,212,131,220,127,228,127,237,128,229,131,221,132,174,196,182,194,190,192,197,194,204,192,213,192,225,193,214,201,205,205,198,206,190,206,182,203,178,196,190,197,197,197,205,196,220,194,205,197,197,198,190,197,19
19q1.jpg,141,140,141,157,141,175,143,192,148,208,158,221,171,232,186,240,205,243,224,240,241,232,257,222,268,208,274,192,276,175,276,158,277,141,150,119,157,109,168,104,181,104,193,108,219,108,231,104,244,103,256,108,264,118,205,124,205,134,204,144,204,154,190,165,197,167,204,168,212,167,219,165,163,132,171,128,179,128,187,132,179,132,170,133,227,131,235,128,243,128,251,131,243,132,235,132,175,190,186,181,196,178,204,179,213,177,224,180,236,188,224,198,213,202,204,203,195,203,185,200,179,190,196,186,204,186,213,185,231,188,213,192,204,193,196,192,19
r00.jpg,120,125,119,145,120,164,123,183,129,203,138,220,151,235,168,246,188,250,207,247,224,236,238,222,248,205,255,187,259,169,261,150,261,132,132,119,141,109,155,108,170,110,183,114,208,113,222,111,235,110,247,113,253,123,195,128,195,140,194,153,193,166,177,173,184,176,192,178,200,176,207,174,145,128,154,124,163,124,173,131,163,131,153,131,214,132,224,126,233,126,240,131,233,134,224,133,165,202,175,196,184,193,190,195,198,193,206,198,214,203,205,210,197,213,189,213,182,212,174,209,170,201,183,199,190,200,197,199,210,203,197,202,190,203,183,202,0
r01.jpg,120,104,121,122,124,139,127,157,133,173,142,187,154,200,168,209,186,211,203,207,218,198,228,186,236,171,241,156,244,139,247,122,247,105,127,88,135,77,148,73,162,75,174,80,191,81,205,76,219,76,232,80,241,91,183,93,182,104,182,115,181,126,169,136,175,138,182,140,189,139,196,137,142,95,149,90,158,91,166,97,157,98,148,98,201,98,209,92,218,92,225,97,218,100,209,99,159,167,166,160,175,156,182,158,190,156,200,160,209,167,201,175,191,178,183,179,175,178,166,175,163,167,175,163,183,163,190,163,205,168,190,169,183,170,176,169,0
