,target,face_height,chin_width,chin_height,right_Eyebrow_width,right_Eyebrow_height,left_Eyebrow_width,left_Eyebrow_height,nose_width,nose_height,right_Eye_width,right_Eye_height,left_Eye_width,left_Eye_height,mouse_width,mouse_height,eye2eye_dist,Reye2nose_dist,Leye2nose_dist,nose2mouse_dist,Reye2mouse_dist,Leye2mouse_dist
0,0,1.006896551724138,1.0,0.8137931034482758,0.3793103448275862,0.07586206896551724,0.3586206896551724,0.034482758620689655,0.19310344827586207,0.33793103448275863,0.1793103448275862,0.034482758620689655,0.1724137931034483,0.034482758620689655,0.36551724137931035,0.13793103448275862,0.48165857152316255,0.3163390935634227,0.3003624500506833,0.30776900934417767,0.5605346922662153,0.5500337250496857
1,0,1.0070921985815602,1.0,0.8085106382978723,0.3900709219858156,0.0851063829787234,0.3829787234042553,0.03546099290780142,0.19858156028368795,0.3404255319148936,0.1773049645390071,0.0425531914893617,0.1773049645390071,0.04964539007092199,0.3475177304964539,0.14893617021276595,0.4775940330956383,0.31090018182907314,0.3111954507745832,0.32779037603724237,0.5767712176668076,0.5805552757807807
2,0,1.0434782608695652,1.0,0.6521739130434783,0.34782608695652173,0.14492753623188406,0.35507246376811596,0.050724637681159424,0.1956521739130435,0.2826086956521739,0.15942028985507245,0.028985507246376812,0.17391304347826086,0.036231884057971016,0.37681159420289856,0.17391304347826086,0.4565585446401041,0.24949644729067794,0.2472129885538477,0.3377210907465048,0.4966895032827258,0.48673345105846727
3,0,1.0425531914893618,1.0,0.75177304964539,0.375886524822695,0.10638297872340426,0.36879432624113473,0.03546099290780142,0.19148936170212766,0.3049645390070922,0.1702127659574468,0.02127659574468085,0.16312056737588654,0.03546099290780142,0.36879432624113473,0.15602836879432624,0.45787763537588905,0.275892872845861,0.25790290086832013,0.33422415241903153,0.5343411567596615,0.5139976427784976
4,0,1.0205479452054795,1.0,0.7876712328767124,0.3767123287671233,0.0958904109589041,0.3698630136986301,0.0410958904109589,0.1917808219178082,0.3219178082191781,0.1643835616438356,0.0273972602739726,0.17123287671232876,0.0273972602739726,0.3493150684931507,0.15753424657534246,0.4543461599487717,0.2882984256918804,0.27376726037675514,0.33153375568507315,0.5528065600985316,0.5401602848962557
5,0,1.056338028169014,1.0,0.7605633802816901,0.3732394366197183,0.11971830985915492,0.3873239436619718,0.035211267605633804,0.19718309859154928,0.3380281690140845,0.18309859154929578,0.04225352112676056,0.18309859154929578,0.04929577464788732,0.3732394366197183,0.176056338028169,0.4906123503339077,0.2989872811769476,0.30389956061191226,0.34211823711551875,0.5738655774144074,0.5710841860985169
6,0,1.0136986301369864,1.0,0.7534246575342466,0.3767123287671233,0.10273972602739725,0.3493150684931507,0.0273972602739726,0.19863013698630136,0.3287671232876712,0.17123287671232876,0.03424657534246575,0.1643835616438356,0.0410958904109589,0.3767123287671233,0.17123287671232876,0.4818052709265395,0.3093352499658201,0.2916103934222611,0.334542480936044,0.5709191716054574,0.564445357720602
7,0,1.0133333333333334,1.0,0.78,0.38666666666666666,0.09333333333333334,0.36,0.03333333333333333,0.19333333333333333,0.34,0.16666666666666666,0.02666666666666667,0.16666666666666666,0.02666666666666667,0.37333333333333335,0.16666666666666666,0.48002962871519134,0.30250395365235916,0.29037787216310973,0.33338534779359574,0.5635069752106988,0.5589709791711512
8,0,1.0135135135135136,1.0,0.7702702702702703,0.38513513513513514,0.10810810810810811,0.3783783783783784,0.04054054054054054,0.20270270270270271,0.3310810810810811,0.16891891891891891,0.02702702702702703,0.16891891891891891,0.033783783783783786,0.3716216216216216,0.1891891891891892,0.4774851265748014,0.29635288048807595,0.3039622962656505,0.33600112005604627,0.5659316343547266,0.574702776739771
9,0,0.9666666666666667,1.0,0.82,0.38,0.07333333333333333,0.38,0.04666666666666667,0.2,0.35333333333333333,0.16,0.02,0.16666666666666666,0.02,0.36,0.14,0.46777777777777774,0.299336587002398,0.3025031464879607,0.3143346970718708,0.5548563822632588,0.555792327322995
10,1,1.046875,1.0,0.6796875,0.3515625,0.15625,0.3671875,0.0546875,0.171875,0.3203125,0.1953125,0.0625,0.1875,0.0625,0.421875,0.1328125,0.4417407471530247,0.26266643309578347,0.269744008253114,0.31789079569668754,0.5127263755470756,0.5195719262741836
11,1,1.0666666666666667,1.0,0.675,0.3416666666666667,0.15833333333333333,0.36666666666666664,0.058333333333333334,0.175,0.31666666666666665,0.19166666666666668,0.058333333333333334,0.19166666666666668,0.05,0.4166666666666667,0.15833333333333333,0.4492175124110704,0.2512290017858327,0.2731985289774183,0.3335968006164265,0.5096507859418163,0.5304612517993129
12,1,1.0606060606060606,1.0,0.6893939393939394,0.3484848484848485,0.17424242424242425,0.3712121212121212,0.05303030303030303,0.1893939393939394,0.32575757575757575,0.19696969696969696,0.06818181818181818,0.19696969696969696,0.06818181818181818,0.4166666666666667,0.12878787878787878,0.45140900216543794,0.2729418477707443,0.2760121931855691,0.3164628451225697,0.5201717561315218,0.527364831079669
13,1,1.094488188976378,1.0,0.7874015748031497,0.3700787401574803,0.14173228346456693,0.3779527559055118,0.031496062992125984,0.1889763779527559,0.36220472440944884,0.1968503937007874,0.07086614173228346,0.2047244094488189,0.07086614173228346,0.41732283464566927,0.13385826771653545,0.4688240817108686,0.3035619077142185,0.3104082834659204,0.32944573985764175,0.5741712780760939,0.5806282845452546
14,1,1.0793650793650793,1.0,0.6746031746031746,0.35714285714285715,0.16666666666666666,0.373015873015873,0.06349206349206349,0.18253968253968253,0.3253968253968254,0.1984126984126984,0.05555555555555555,0.1984126984126984,0.06349206349206349,0.42857142857142855,0.12698412698412698,0.45530322578128896,0.26595526380569895,0.26745102794746956,0.325096890416113,0.514988880805302,0.5187544848302326
15,1,1.047244094488189,1.0,0.6377952755905512,0.33858267716535434,0.16535433070866143,0.36220472440944884,0.05511811023622047,0.18110236220472442,0.31496062992125984,0.1889763779527559,0.06299212598425197,0.1968503937007874,0.05511811023622047,0.41732283464566927,0.13385826771653545,0.44821535450744,0.2603161427102275,0.2673013919140789,0.3153722165207654,0.5022945949891118,0.5113246898609851
16,1,1.0555555555555556,1.0,0.6746031746031746,0.35714285714285715,0.15873015873015872,0.373015873015873,0.05555555555555555,0.18253968253968253,0.31746031746031744,0.1984126984126984,0.06349206349206349,0.19047619047619047,0.06349206349206349,0.4365079365079365,0.11904761904761904,0.4501386303575048,0.27183424810116225,0.2699791733949365,0.30735004947263406,0.5121481483941245,0.508709883705628
17,1,1.047244094488189,1.0,0.6929133858267716,0.3464566929133858,0.14960629921259844,0.3700787401574803,0.05511811023622047,0.1732283464566929,0.3228346456692913,0.1968503937007874,0.06299212598425197,0.1968503937007874,0.06299212598425197,0.41732283464566927,0.14173228346456693,0.4544613169739893,0.2659953484479375,0.28535594939660136,0.3209502919566653,0.5208273058530678,0.5360865884660948
18,1,1.078740157480315,1.0,0.7716535433070866,0.33858267716535434,0.13385826771653545,0.3700787401574803,0.03937007874015748,0.1889763779527559,0.3464566929133858,0.1968503937007874,0.07086614173228346,0.1968503937007874,0.06299212598425197,0.4094488188976378,0.11811023622047244,0.4454278581453495,0.2793841339819876,0.29501106390860615,0.31730297289698817,0.5418566994814414,0.5503261711082602
19,1,1.065040650406504,1.0,0.7398373983739838,0.35772357723577236,0.14634146341463414,0.36585365853658536,0.04878048780487805,0.18699186991869918,0.34959349593495936,0.2032520325203252,0.06504065040650407,0.1951219512195122,0.06504065040650407,0.4146341463414634,0.13821138211382114,0.4513630475577738,0.2825227767092706,0.29132931380656746,0.31707911896664037,0.5385301355118258,0.5482094288652417
20,2,1.0564102564102564,1.0,0.8615384615384616,0.3384615384615385,0.07179487179487179,0.3230769230769231,0.035897435897435895,0.18461538461538463,0.358974358974359,0.1794871794871795,0.06153846153846154,0.1794871794871795,0.05641025641025641,0.37948717948717947,0.14358974358974358,0.4325782460192226,0.29541245010600437,0.3025993723440587,0.29600698262903874,0.5438364824633592,0.550254664476033
21,2,1.0054945054945055,1.0,0.7527472527472527,0.32967032967032966,0.08791208791208792,0.31868131868131866,0.03296703296703297,0.16483516483516483,0.31868131868131866,0.17582417582417584,0.04395604395604396,0.17582417582417584,0.04395604395604396,0.3956043956043956,0.16483516483516483,0.4241350562756805,0.2647931777154984,0.2690355913660898,0.2954798046703007,0.5052184191236004,0.5033350997211824
22,2,1.0273224043715847,1.0,0.7595628415300546,0.3333333333333333,0.09289617486338798,0.31693989071038253,0.04371584699453552,0.1912568306010929,0.3333333333333333,0.18032786885245902,0.0546448087431694,0.18032786885245902,0.04918032786885246,0.45901639344262296,0.16939890710382513,0.439762885560244,0.28048326005486446,0.2732150309685325,0.2883368492623503,0.5070174620390494,0.5063867019837169
23,2,1.0195121951219512,1.0,0.7365853658536585,0.33170731707317075,0.08780487804878048,0.32195121951219513,0.03414634146341464,0.18048780487804877,0.32682926829268294,0.18536585365853658,0.04390243902439024,0.17560975609756097,0.04390243902439024,0.44390243902439025,0.13658536585365855,0.4395021790364086,0.2677894887004417,0.2655596320422237,0.28844425098741094,0.4938317792140115,0.488954972128976
24,2,1.0096153846153846,1.0,0.7355769230769231,0.3269230769230769,0.08173076923076923,0.32211538461538464,0.03365384615384615,0.16826923076923078,0.3173076923076923,0.1778846153846154,0.04807692307692308,0.18269230769230768,0.052884615384615384,0.4230769230769231,0.16346153846153846,0.4312709322783891,0.2523840168238525,0.2617179642027024,0.30681742648630184,0.4943114234839735,0.49775580400593794
25,2,1.015228426395939,1.0,0.7461928934010152,0.30456852791878175,0.08629441624365482,0.3147208121827411,0.04060913705583756,0.16751269035532995,0.3147208121827411,0.16751269035532995,0.025380710659898477,0.17258883248730963,0.030456852791878174,0.41116751269035534,0.17766497461928935,0.4086344862065263,0.24155048180964353,0.24994696321081442,0.2997517977114561,0.4797726417061006,0.4837642016822252
26,2,1.0,1.0,0.6914893617021277,0.32978723404255317,0.10106382978723404,0.3191489361702128,0.03723404255319149,0.1702127659574468,0.31382978723404253,0.18617021276595744,0.06382978723404255,0.18617021276595744,0.06382978723404255,0.43617021276595747,0.1702127659574468,0.44506724760037686,0.28246968064536254,0.26690326345890764,0.30731434268880614,0.5245019655641818,0.5126221835506695
27,2,1.043956043956044,1.0,0.7582417582417582,0.3076923076923077,0.08791208791208792,0.3241758241758242,0.04395604395604396,0.18681318681318682,0.34065934065934067,0.17582417582417584,0.04945054945054945,0.1813186813186813,0.04945054945054945,0.43956043956043955,0.18681318681318682,0.4344218877135156,0.270550890162845,0.28729154333045,0.30518652302192534,0.5236705497779551,0.5301802780935123
28,2,1.0404040404040404,1.0,0.7474747474747475,0.3181818181818182,0.10101010101010101,0.32323232323232326,0.03535353535353535,0.17676767676767677,0.3181818181818182,0.18181818181818182,0.05555555555555555,0.18181818181818182,0.050505050505050504,0.40404040404040403,0.1919191919191919,0.4311468518271586,0.2642455990822399,0.2760304544801337,0.3138194551368963,0.5208025923655885,0.5253256674987107
29,2,1.0099502487562189,1.0,0.7014925373134329,0.3283582089552239,0.0945273631840796,0.32338308457711445,0.03482587064676617,0.17412935323383086,0.31840796019900497,0.1791044776119403,0.04975124378109453,0.1791044776119403,0.04975124378109453,0.43781094527363185,0.14427860696517414,0.434632034141104,0.25469327559027216,0.26313064259055724,0.30054534910245073,0.4906276599585768,0.4931187485018536
30,3,1.021978021978022,1.0,0.5934065934065934,0.3021978021978022,0.14285714285714285,0.3241758241758242,0.038461538461538464,0.17032967032967034,0.2857142857142857,0.18681318681318682,0.054945054945054944,0.19230769230769232,0.04945054945054945,0.4230769230769231,0.24175824175824176,0.46287613581978926,0.2607256778492369,0.25147749612299863,0.31170506680268345,0.4845807139314847,0.47693469071177513
31,3,1.005586592178771,1.0,0.5977653631284916,0.3128491620111732,0.15083798882681565,0.329608938547486,0.05027932960893855,0.17318435754189945,0.2905027932960894,0.18994413407821228,0.05027932960893855,0.18435754189944134,0.05027932960893855,0.4301675977653631,0.20670391061452514,0.46253939451909837,0.26136984894099485,0.2478478415801974,0.3028406887653649,0.4749814173595271,0.46536869865656816
32,3,1.0280898876404494,1.0,0.6292134831460674,0.3146067415730337,0.1404494382022472,0.33146067415730335,0.05056179775280899,0.17415730337078653,0.3146067415730337,0.19101123595505617,0.05056179775280899,0.19101123595505617,0.056179775280898875,0.4101123595505618,0.21348314606741572,0.4651485231540023,0.2801277844954207,0.2625942339184485,0.30159593538209195,0.5042168476617739,0.49365753861726586
33,3,1.011173184357542,1.0,0.5642458100558659,0.3016759776536313,0.1452513966480447,0.3240223463687151,0.0446927374301676,0.17318435754189945,0.2849162011173184,0.18435754189944134,0.05027932960893855,0.18435754189944134,0.03910614525139665,0.44692737430167595,0.22905027932960895,0.4578172050652778,0.25614092661559695,0.24268762201162222,0.30508164230682916,0.46704735713637463,0.4618067910316978
34,3,1.011173184357542,1.0,0.5865921787709497,0.30726256983240224,0.15083798882681565,0.329608938547486,0.0446927374301676,0.16759776536312848,0.2849162011173184,0.18435754189944134,0.055865921787709494,0.18435754189944134,0.05027932960893855,0.4245810055865922,0.24022346368715083,0.45856545576525853,0.262432773240664,0.2448264843129667,0.31003662821076755,0.48279226321014634,0.4716053409796407
35,3,1.0168539325842696,1.0,0.5955056179775281,0.3146067415730337,0.1404494382022472,0.3202247191011236,0.03932584269662921,0.16853932584269662,0.28651685393258425,0.19101123595505617,0.05056179775280899,0.1853932584269663,0.05056179775280899,0.42134831460674155,0.24157303370786518,0.4549197942996171,0.26419398586511594,0.2386263607164385,0.3128844352393402,0.48629761583340814,0.4691259141819387
36,3,1.0056818181818181,1.0,0.5738636363636364,0.3125,0.1534090909090909,0.32954545454545453,0.03977272727272727,0.17045454545454544,0.2897727272727273,0.1875,0.056818181818181816,0.1875,0.05113636363636364,0.42613636363636365,0.20454545454545456,0.4630869271783732,0.26490284201326353,0.2485329145977363,0.2964118423030955,0.4722678013792409,0.4646940090564064
37,3,1.0166666666666666,1.0,0.6111111111111112,0.3,0.14444444444444443,0.32222222222222224,0.03888888888888889,0.17222222222222222,0.2833333333333333,0.18888888888888888,0.05555555555555555,0.18888888888888888,0.05555555555555555,0.4111111111111111,0.2388888888888889,0.4564706256691282,0.2601419076378017,0.24650453193211205,0.3105883474175951,0.48378289898161014,0.4731944331206266
38,3,1.0340909090909092,1.0,0.5965909090909091,0.3068181818181818,0.1534090909090909,0.32954545454545453,0.045454545454545456,0.16477272727272727,0.30113636363636365,0.1875,0.056818181818181816,0.19318181818181818,0.05113636363636364,0.4090909090909091,0.24431818181818182,0.4619426505494965,0.26611312709094975,0.24768442733114127,0.3147873132309594,0.49046632355955744,0.48091817601892245
39,3,1.0497237569060773,1.0,0.6298342541436464,0.30939226519337015,0.143646408839779,0.3259668508287293,0.04419889502762431,0.16574585635359115,0.2983425414364641,0.1878453038674033,0.049723756906077346,0.1878453038674033,0.049723756906077346,0.4198895027624309,0.24861878453038674,0.4667482024932991,0.2677027558789894,0.24901374474158283,0.3252619172522759,0.500341939519815,0.4889608715162687
40,4,1.0298507462686568,1.0,0.7313432835820896,0.34328358208955223,0.11194029850746269,0.29850746268656714,0.04477611940298507,0.20149253731343283,0.3582089552238806,0.17164179104477612,0.04477611940298507,0.17164179104477612,0.04477611940298507,0.3656716417910448,0.15671641791044777,0.46044097444003984,0.3169140804973249,0.2782004686016541,0.2989284448545999,0.5476051201953528,0.5299354830287051
41,4,1.0294117647058822,1.0,0.7205882352941176,0.35294117647058826,0.13970588235294118,0.34558823529411764,0.04411764705882353,0.21323529411764705,0.33088235294117646,0.16911764705882354,0.029411764705882353,0.16911764705882354,0.029411764705882353,0.375,0.16911764705882354,0.4512704203807843,0.2849053780524151,0.2711363209542168,0.30095026969833705,0.5161567000152069,0.5143847183114345
42,4,1.0074074074074073,1.0,0.725925925925926,0.34814814814814815,0.11851851851851852,0.34074074074074073,0.037037037037037035,0.2,0.32592592592592595,0.18518518518518517,0.05925925925925926,0.18518518518518517,0.05925925925925926,0.362962962962963,0.16296296296296298,0.4595482961434415,0.29956415810487214,0.29927543225027975,0.29333513749196916,0.5329577009380562,0.5408202348693506
43,4,1.0229007633587786,1.0,0.7633587786259542,0.3511450381679389,0.11450381679389313,0.29770992366412213,0.04580152671755725,0.19083969465648856,0.3435114503816794,0.19083969465648856,0.05343511450381679,0.17557251908396945,0.05343511450381679,0.3435114503816794,0.1450381679389313,0.4428138935045245,0.3229450301709122,0.27108703055748024,0.30210054935613967,0.5586883840514384,0.5339953074252077
44,4,1.0588235294117647,1.0,0.7647058823529411,0.36764705882352944,0.13970588235294118,0.34558823529411764,0.04411764705882353,0.20588235294117646,0.36764705882352944,0.18382352941176472,0.051470588235294115,0.18382352941176472,0.051470588235294115,0.35294117647058826,0.125,0.4757175522749645,0.31690430078558635,0.2956973762429986,0.307850601336388,0.5600145466071149,0.5487877141787743
45,4,1.0441176470588236,1.0,0.7573529411764706,0.3602941176470588,0.1323529411764706,0.33088235294117646,0.04411764705882353,0.19117647058823528,0.35294117647058826,0.19117647058823528,0.058823529411764705,0.18382352941176472,0.058823529411764705,0.34558823529411764,0.1323529411764706,0.46576985834003964,0.31619843839932943,0.2816055145511962,0.30039487060733444,0.5492130398262117,0.5314971325129357
46,4,1.037037037037037,1.0,0.7555555555555555,0.35555555555555557,0.14074074074074075,0.34814814814814815,0.044444444444444446,0.2,0.362962962962963,0.18518518518518517,0.05925925925925926,0.17777777777777778,0.06666666666666667,0.35555555555555557,0.11851851851851852,0.4728975240813533,0.32151286829560877,0.30362674535439815,0.2866787651531659,0.5493256871496309,0.5406788537785945
47,4,1.0218978102189782,1.0,0.7591240875912408,0.36496350364963503,0.12408759124087591,0.34306569343065696,0.043795620437956206,0.19708029197080293,0.35036496350364965,0.18248175182481752,0.051094890510948905,0.17518248175182483,0.051094890510948905,0.35036496350364965,0.15328467153284672,0.4696680589041435,0.3156664055844392,0.29572118487051524,0.2978136010114582,0.5489208822861968,0.5437554212567592
48,4,1.0298507462686568,1.0,0.8059701492537313,0.3656716417910448,0.09701492537313433,0.31343283582089554,0.04477611940298507,0.20149253731343283,0.3656716417910448,0.1865671641791045,0.03731343283582089,0.1791044776119403,0.04477611940298507,0.35074626865671643,0.1417910447761194,0.4651956788580768,0.3308572034459165,0.29895698429448675,0.30336251804731257,0.5724243963073936,0.5583900196096395
49,4,1.0225563909774436,1.0,0.7819548872180451,0.3383458646616541,0.10526315789473684,0.3157894736842105,0.05263157894736842,0.21804511278195488,0.3533834586466165,0.18045112781954886,0.045112781954887216,0.17293233082706766,0.045112781954887216,0.3609022556390977,0.13533834586466165,0.46747901535260283,0.3304429540799647,0.30705909902395445,0.2951128883780385,0.5670315151437452,0.557933297773166
50,5,0.9111111111111111,1.0,0.7555555555555555,0.3111111111111111,0.08148148148148149,0.35555555555555557,0.022222222222222223,0.2074074074074074,0.362962962962963,0.16296296296296298,0.037037037037037035,0.17037037037037037,0.037037037037037035,0.3333333333333333,0.0962962962962963,0.4473945982414061,0.3057319612436055,0.3217323119511603,0.20965634882497164,0.48718361405093014,0.4798709690414933
51,5,0.8832116788321168,1.0,0.7518248175182481,0.35766423357664234,0.08029197080291971,0.3722627737226277,0.0364963503649635,0.19708029197080293,0.35766423357664234,0.1678832116788321,0.0364963503649635,0.1678832116788321,0.043795620437956206,0.32116788321167883,0.10218978102189781,0.44166743318485996,0.3055285951528259,0.31647833945910936,0.2138235329036547,0.4860864645613693,0.4852748037381038
52,5,0.9007633587786259,1.0,0.732824427480916,0.3435114503816794,0.08396946564885496,0.3435114503816794,0.030534351145038167,0.20610687022900764,0.366412213740458,0.16793893129770993,0.03816793893129771,0.16793893129770993,0.04580152671755725,0.3282442748091603,0.09923664122137404,0.44834692244734065,0.3143661667299623,0.31449616813047987,0.22062898434155065,0.5006001939954244,0.4885761562448813
53,5,0.9343065693430657,1.0,0.7664233576642335,0.30656934306569344,0.06569343065693431,0.34306569343065696,0.0364963503649635,0.2116788321167883,0.3357664233576642,0.1678832116788321,0.014598540145985401,0.17518248175182483,0.029197080291970802,0.40145985401459855,0.145985401459854,0.46077997378355123,0.28300378261984976,0.3151079440605042,0.21342607646559442,0.4636066773119393,0.46424406508016863
54,5,0.9333333333333333,1.0,0.7777777777777778,0.28888888888888886,0.07407407407407407,0.3851851851851852,0.05925925925925926,0.1925925925925926,0.35555555555555557,0.16296296296296298,0.02962962962962963,0.18518518518518517,0.037037037037037035,0.3333333333333333,0.1259259259259259,0.4324059578231092,0.3012400098453776,0.3166861298323523,0.24689087687117936,0.5243810265997098,0.5014897483377425
55,5,1.0888888888888888,1.0,0.9481481481481482,0.3333333333333333,0.1037037037037037,0.3851851851851852,0.037037037037037035,0.2074074074074074,0.3925925925925926,0.17037037037037037,0.02962962962962963,0.17777777777777778,0.037037037037037035,0.35555555555555557,0.17777777777777778,0.46207051430381885,0.3198826209597214,0.3443621030340923,0.31444444713730285,0.5967213805752776,0.6009946158437103
56,5,0.8602941176470589,1.0,0.7426470588235294,0.3235294117647059,0.051470588235294115,0.3602941176470588,0.014705882352941176,0.20588235294117646,0.34558823529411764,0.16176470588235295,0.03676470588235294,0.17647058823529413,0.03676470588235294,0.34558823529411764,0.11764705882352941,0.4519384537888671,0.30836143717430875,0.32830384562074,0.22032229206805953,0.5045458779102115,0.48892829317298864
57,5,0.8421052631578947,1.0,0.7218045112781954,0.3082706766917293,0.03759398496240601,0.3458646616541353,0.022556390977443608,0.20300751879699247,0.3383458646616541,0.15789473684210525,0.03007518796992481,0.15789473684210525,0.03007518796992481,0.3308270676691729,0.07518796992481203,0.4371260707894326,0.31024416318230474,0.3215132078206478,0.1995282330604303,0.4875257197098394,0.4700147282397452
58,5,0.935251798561151,1.0,0.7913669064748201,0.3381294964028777,0.08633093525179857,0.37410071942446044,0.02158273381294964,0.2158273381294964,0.37410071942446044,0.16546762589928057,0.03597122302158273,0.17985611510791366,0.04316546762589928,0.3237410071942446,0.14388489208633093,0.4602255858807759,0.3145843412680442,0.33495568676415577,0.2359085285614522,0.5215472299722096,0.5139711431548969
59,5,1.037593984962406,1.0,0.8947368421052632,0.3684210526315789,0.09774436090225563,0.39849624060150374,0.03007518796992481,0.24060150375939848,0.39097744360902253,0.16541353383458646,0.03007518796992481,0.18045112781954886,0.03759398496240601,0.3233082706766917,0.09774436090225563,0.476876171660388,0.32485990000364756,0.3472079701348257,0.259777875012685,0.549990634972242,0.5504129305627641
60,6,1.018018018018018,1.0,0.7837837837837838,0.32432432432432434,0.08108108108108109,0.3333333333333333,0.02702702702702703,0.1891891891891892,0.34234234234234234,0.1891891891891892,0.07207207207207207,0.18018018018018017,0.07207207207207207,0.3783783783783784,0.14414414414414414,0.4791958239036058,0.31714571134266323,0.310508977703776,0.3202723390615631,0.5815143374762624,0.5689091109267055
61,6,1.043859649122807,1.0,0.8157894736842105,0.3333333333333333,0.11403508771929824,0.34210526315789475,0.03508771929824561,0.20175438596491227,0.32456140350877194,0.19298245614035087,0.06140350877192982,0.19298245614035087,0.06140350877192982,0.34210526315789475,0.19298245614035087,0.4607969129821188,0.2957577567100183,0.29095728726183323,0.32018585629901797,0.5590119664302567,0.545149640498727
62,6,1.0105263157894737,1.0,0.8105263157894737,0.3263157894736842,0.09473684210526316,0.3473684210526316,0.031578947368421054,0.18947368421052632,0.3263157894736842,0.18947368421052632,0.08421052631578947,0.18947368421052632,0.07368421052631578,0.3157894736842105,0.18947368421052632,0.4496159573232661,0.30036298190479155,0.29705957412902456,0.30923685342693225,0.5587199568216761,0.5484519751976322
63,6,1.0683760683760684,1.0,0.7948717948717948,0.3333333333333333,0.1282051282051282,0.3247863247863248,0.042735042735042736,0.20512820512820512,0.3333333333333333,0.19658119658119658,0.05982905982905983,0.18803418803418803,0.05982905982905983,0.3333333333333333,0.18803418803418803,0.46723959418035016,0.3016969000716259,0.2915301330349619,0.31438159883356515,0.5543033956652139,0.5443394416314916
64,6,1.018181818181818,1.0,0.7909090909090909,0.3181818181818182,0.10909090909090909,0.33636363636363636,0.03636363636363636,0.2,0.32727272727272727,0.17272727272727273,0.06363636363636363,0.17272727272727273,0.06363636363636363,0.37272727272727274,0.15454545454545454,0.4621212121212122,0.2972985289053011,0.2961186107534059,0.2957675595216303,0.5378111139672583,0.5309980078093709
65,6,1.0265486725663717,1.0,0.7964601769911505,0.3185840707964602,0.10619469026548672,0.3274336283185841,0.035398230088495575,0.19469026548672566,0.3185840707964602,0.17699115044247787,0.07079646017699115,0.18584070796460178,0.061946902654867256,0.35398230088495575,0.168141592920354,0.4531481388994809,0.29058517885230156,0.28471171083078645,0.3015533055971352,0.535575760647695,0.5237384001083656
66,6,1.0265486725663717,1.0,0.8141592920353983,0.3274336283185841,0.08849557522123894,0.34513274336283184,0.035398230088495575,0.19469026548672566,0.336283185840708,0.18584070796460178,0.07964601769911504,0.17699115044247787,0.061946902654867256,0.36283185840707965,0.168141592920354,0.46840843484111266,0.30970309731266155,0.30237422722203616,0.30708532905164815,0.5647974873692212,0.5466856886821402
67,6,1.0288461538461537,1.0,0.7788461538461539,0.34615384615384615,0.10576923076923077,0.3173076923076923,0.038461538461538464,0.20192307692307693,0.3076923076923077,0.19230769230769232,0.0673076923076923,0.19230769230769232,0.0673076923076923,0.36538461538461536,0.16346153846153846,0.4615745178223757,0.28732281695750356,0.2813512149857913,0.2983968872209834,0.5188622713040911,0.5184023394786361
68,6,1.0,1.0,0.7870370370370371,0.3148148148148148,0.09259259259259259,0.32407407407407407,0.037037037037037035,0.2037037037037037,0.3055555555555556,0.18518518518518517,0.06481481481481481,0.18518518518518517,0.06481481481481481,0.3425925925925926,0.1574074074074074,0.44623364568881846,0.2825552432618417,0.2812356977194825,0.2981499231714777,0.5256349539957019,0.5155545245306845
69,6,0.9900990099009901,1.0,0.801980198019802,0.36633663366336633,0.09900990099009901,0.31683168316831684,0.039603960396039604,0.2079207920792079,0.3465346534653465,0.19801980198019803,0.06930693069306931,0.18811881188118812,0.0594059405940594,0.36633663366336633,0.12871287128712872,0.47730862649521666,0.34709149147193935,0.2941902553995381,0.294902542187165,0.5791664536226719,0.5451410981494519
70,7,1.0,1.0,0.8688524590163934,0.36885245901639346,0.04918032786885246,0.28688524590163933,0.03278688524590164,0.20491803278688525,0.3442622950819672,0.19672131147540983,0.04918032786885246,0.18032786885245902,0.04918032786885246,0.38524590163934425,0.14754098360655737,0.49551543768709605,0.35450950478412574,0.29760420316002684,0.2820777704367894,0.5612732142280477,0.5415325359876544
71,7,0.9538461538461539,1.0,0.7923076923076923,0.33076923076923076,0.06923076923076923,0.33076923076923076,0.046153846153846156,0.2,0.33076923076923076,0.17692307692307693,0.03076923076923077,0.17692307692307693,0.03076923076923077,0.4230769230769231,0.16153846153846155,0.4871794871794872,0.32006229304561173,0.3074547278413514,0.2665477250904515,0.5270237753925907,0.5215437088458516
72,7,0.9846153846153847,1.0,0.8846153846153846,0.3384615384615385,0.046153846153846156,0.3076923076923077,0.05384615384615385,0.19230769230769232,0.34615384615384615,0.19230769230769232,0.05384615384615385,0.18461538461538463,0.05384615384615385,0.36923076923076925,0.15384615384615385,0.5053624343049005,0.36048143148336836,0.3248896147047568,0.2876045039973399,0.5824721312603184,0.5710000368455159
73,7,0.9844961240310077,1.0,0.8449612403100775,0.3488372093023256,0.06201550387596899,0.3178294573643411,0.03875968992248062,0.20155038759689922,0.34108527131782945,0.20155038759689922,0.05426356589147287,0.18604651162790697,0.046511627906976744,0.3798449612403101,0.15503875968992248,0.5083575298570584,0.3576758840399246,0.3202731980629517,0.2910935201634147,0.5834844608087817,0.5652344923258767
74,7,1.0155038759689923,1.0,0.8294573643410853,0.35658914728682173,0.06201550387596899,0.3333333333333333,0.03875968992248062,0.20155038759689922,0.3333333333333333,0.1937984496124031,0.06201550387596899,0.1937984496124031,0.06201550387596899,0.3643410852713178,0.1937984496124031,0.5093837976622155,0.34504969034149174,0.31327198845147197,0.3099727765059634,0.5838715285470876,0.5709327030919801
75,7,0.9925373134328358,1.0,0.8134328358208955,0.34328358208955223,0.06716417910447761,0.3208955223880597,0.03731343283582089,0.1865671641791045,0.3208955223880597,0.1791044776119403,0.05223880597014925,0.1865671641791045,0.05223880597014925,0.373134328358209,0.17164179104477612,0.4958364806058709,0.3334314761349332,0.30335422348634244,0.29472671461604855,0.5589034664632462,0.5469280970185514
76,7,0.9922480620155039,1.0,0.8372093023255814,0.3643410852713178,0.06201550387596899,0.3178294573643411,0.03875968992248062,0.21705426356589147,0.34108527131782945,0.20155038759689922,0.05426356589147287,0.1937984496124031,0.05426356589147287,0.3875968992248062,0.13953488372093023,0.5108655218176258,0.3564879062528877,0.3115444533152806,0.27464158436137437,0.5629705568432423,0.541154401305691
77,7,0.935251798561151,1.0,0.8633093525179856,0.35251798561151076,0.04316546762589928,0.2589928057553957,0.08633093525179857,0.19424460431654678,0.3597122302158273,0.19424460431654678,0.050359712230215826,0.17266187050359713,0.04316546762589928,0.3597122302158273,0.12949640287769784,0.5000186322287936,0.392348427063223,0.3309515089246279,0.2651720186566953,0.5863667950370596,0.5731660816692922
78,7,0.9701492537313433,1.0,0.8208955223880597,0.3582089552238806,0.05970149253731343,0.31343283582089554,0.04477611940298507,0.19402985074626866,0.34328358208955223,0.1865671641791045,0.04477611940298507,0.1865671641791045,0.04477611940298507,0.3656716417910448,0.13432835820895522,0.5003763342023744,0.3550085640072596,0.3072357509936642,0.2811216038278398,0.5668043640221706,0.546563564493129
79,7,0.9629629629629629,1.0,0.8296296296296296,0.34074074074074073,0.05925925925925926,0.31851851851851853,0.044444444444444446,0.2,0.34074074074074073,0.18518518518518517,0.044444444444444446,0.18518518518518517,0.044444444444444446,0.37037037037037035,0.14074074074074075,0.49556023052904435,0.34070078889457805,0.3109319274099559,0.2810367247733058,0.5568822157012235,0.5453522428114891
80,8,1.0,1.0,0.8247422680412371,0.35051546391752575,0.09278350515463918,0.3402061855670103,0.041237113402061855,0.20618556701030927,0.35051546391752575,0.1958762886597938,0.061855670103092786,0.1958762886597938,0.07216494845360824,0.38144329896907214,0.20618556701030927,0.4751045216739563,0.3299210699456706,0.32104331795815183,0.30176524308367125,0.578659568311042,0.5724971430727135
81,8,0.9901960784313726,1.0,0.8235294117647058,0.3333333333333333,0.08823529411764706,0.3137254901960784,0.058823529411764705,0.19607843137254902,0.35294117647058826,0.19607843137254902,0.058823529411764705,0.19607843137254902,0.06862745098039216,0.3431372549019608,0.18627450980392157,0.4662803228582711,0.32883173984186753,0.3115042553584333,0.2925689527661606,0.567156862745098,0.5579251895270587
82,8,1.02020202020202,1.0,0.8080808080808081,0.3434343434343434,0.10101010101010101,0.3333333333333333,0.04040404040404041,0.20202020202020202,0.3434343434343434,0.1919191919191919,0.06060606060606061,0.1919191919191919,0.0707070707070707,0.36363636363636365,0.21212121212121213,0.470807853258989,0.3183964936718643,0.31158399869751613,0.3126767595693067,0.5756477931053693,0.5695636271264926
83,8,1.0101010101010102,1.0,0.8181818181818182,0.32323232323232326,0.09090909090909091,0.3333333333333333,0.04040404040404041,0.20202020202020202,0.3333333333333333,0.1919191919191919,0.06060606060606061,0.1919191919191919,0.0707070707070707,0.37373737373737376,0.21212121212121213,0.46408996587220847,0.3113872197154298,0.3127287839922394,0.30495052430165104,0.5654656614285092,0.5616490888538013
84,8,0.99,1.0,0.81,0.34,0.08,0.33,0.05,0.2,0.34,0.19,0.06,0.19,0.06,0.35,0.21,0.46762995816968134,0.31805492964518733,0.3135136203156998,0.30219236474246336,0.5659072607572534,0.5642467200712037
85,8,0.9696969696969697,1.0,0.7878787878787878,0.32323232323232326,0.09090909090909091,0.3333333333333333,0.050505050505050504,0.20202020202020202,0.3434343434343434,0.1919191919191919,0.050505050505050504,0.20202020202020202,0.06060606060606061,0.35353535353535354,0.16161616161616163,0.4669596691690379,0.313158476519949,0.31092832505925,0.2838376474302567,0.5453949441602642,0.5417214921539496
86,8,1.0103092783505154,1.0,0.8041237113402062,0.31958762886597936,0.09278350515463918,0.32989690721649484,0.05154639175257732,0.1958762886597938,0.32989690721649484,0.18556701030927836,0.05154639175257732,0.18556701030927836,0.061855670103092786,0.36082474226804123,0.20618556701030927,0.46640658477898533,0.31150787461531804,0.3097102127278295,0.30412004002633425,0.5627341094761388,0.5575279696744656
87,8,0.9693877551020408,1.0,0.7959183673469388,0.32653061224489793,0.07142857142857142,0.32653061224489793,0.05102040816326531,0.19387755102040816,0.3469387755102041,0.19387755102040816,0.07142857142857142,0.19387755102040816,0.07142857142857142,0.35714285714285715,0.15306122448979592,0.47183491533517685,0.3265270703720258,0.32114776278654616,0.2851928429828997,0.5625871161606298,0.5558867221806164
88,8,0.9595959595959596,1.0,0.797979797979798,0.3333333333333333,0.08080808080808081,0.32323232323232326,0.050505050505050504,0.20202020202020202,0.3434343434343434,0.1919191919191919,0.0707070707070707,0.1919191919191919,0.0707070707070707,0.3434343434343434,0.1717171717171717,0.46668427872567564,0.324822575635194,0.3207753424685154,0.2893177972001679,0.5646464646464646,0.5613548956679388
89,8,0.9896907216494846,1.0,0.8041237113402062,0.32989690721649484,0.08247422680412371,0.29896907216494845,0.030927835051546393,0.20618556701030927,0.3402061855670103,0.18556701030927836,0.05154639175257732,0.18556701030927836,0.061855670103092786,0.38144329896907214,0.15463917525773196,0.4568365027302999,0.3204353584935712,0.29265081242240126,0.2803323814578823,0.5451494446536436,0.5266295835295294
90,9,1.0185185185185186,1.0,0.7870370370370371,0.37037037037037035,0.09259259259259259,0.3425925925925926,0.037037037037037035,0.18518518518518517,0.37037037037037035,0.19444444444444445,0.06481481481481481,0.19444444444444445,0.07407407407407407,0.3611111111111111,0.1388888888888889,0.45697402037364093,0.3351258303342699,0.32223000818532915,0.2982822447011887,0.5823612196841784,0.5800269028981827
91,9,1.0176991150442478,1.0,0.831858407079646,0.37168141592920356,0.07964601769911504,0.336283185840708,0.035398230088495575,0.168141592920354,0.36283185840707965,0.19469026548672566,0.07079646017699115,0.18584070796460178,0.061946902654867256,0.2920353982300885,0.17699115044247787,0.456167866133256,0.34626464839135157,0.3182714069374092,0.32578591507857746,0.6154505318249299,0.6067422291613176
92,9,1.0265486725663717,1.0,0.8495575221238938,0.37168141592920356,0.09734513274336283,0.34513274336283184,0.035398230088495575,0.18584070796460178,0.3893805309734513,0.19469026548672566,0.07079646017699115,0.19469026548672566,0.07079646017699115,0.2743362831858407,0.1415929203539823,0.46728829486629786,0.35616338869530717,0.33916326074720493,0.3141399027351369,0.6219605045105322,0.6129169580506689
93,9,1.0530973451327434,1.0,0.8495575221238938,0.37168141592920356,0.09734513274336283,0.34513274336283184,0.04424778761061947,0.168141592920354,0.3805309734513274,0.17699115044247787,0.05309734513274336,0.17699115044247787,0.05309734513274336,0.2831858407079646,0.19469026548672566,0.44699026566105404,0.33963168349352363,0.32214902363699555,0.34019650439461924,0.6287598856030244,0.6219703153743046
94,9,1.0454545454545454,1.0,0.8363636363636363,0.37272727272727274,0.09090909090909091,0.32727272727272727,0.03636363636363636,0.16363636363636364,0.37272727272727274,0.19090909090909092,0.07272727272727272,0.19090909090909092,0.07272727272727272,0.2818181818181818,0.19090909090909092,0.45793684328018963,0.3476759468953623,0.31780606420338237,0.33524175623565583,0.6265517925601446,0.6137905717197419
95,9,1.0357142857142858,1.0,0.8482142857142857,0.35714285714285715,0.08928571428571429,0.33035714285714285,0.03571428571428571,0.16964285714285715,0.36607142857142855,0.17857142857142858,0.07142857142857142,0.17857142857142858,0.0625,0.29464285714285715,0.17857142857142858,0.4469425612550507,0.3416177378194396,0.31778838242414664,0.3216688589423593,0.6123850378309715,0.6007900489010783
96,9,1.0467289719626167,1.0,0.8411214953271028,0.37383177570093457,0.08411214953271028,0.32710280373831774,0.037383177570093455,0.16822429906542055,0.3644859813084112,0.17757009345794392,0.06542056074766354,0.17757009345794392,0.07476635514018691,0.27102803738317754,0.205607476635514,0.44816838623165306,0.33954958135390273,0.30690940910957165,0.3385936455781822,0.6216309512462878,0.6056791242888956
97,9,1.028301886792453,1.0,0.8301886792452831,0.3490566037735849,0.08490566037735849,0.33962264150943394,0.03773584905660377,0.16981132075471697,0.36792452830188677,0.18867924528301888,0.05660377358490566,0.18867924528301888,0.05660377358490566,0.2830188679245283,0.18867924528301888,0.45008119111619704,0.339391388644497,0.3219945789267446,0.3304828645203696,0.6200028262904969,0.610717570009592
98,9,1.037037037037037,1.0,0.8425925925925926,0.37037037037037035,0.09259259259259259,0.3333333333333333,0.027777777777777776,0.16666666666666666,0.3611111111111111,0.17592592592592593,0.06481481481481481,0.18518518518518517,0.06481481481481481,0.2777777777777778,0.19444444444444445,0.4483921044662364,0.339657190661078,0.31170395145849666,0.3291551066584879,0.6168137483861238,0.5995117930081103
99,9,1.0373831775700935,1.0,0.8504672897196262,0.3644859813084112,0.07476635514018691,0.3364485981308411,0.028037383177570093,0.1588785046728972,0.37383177570093457,0.17757009345794392,0.06542056074766354,0.18691588785046728,0.06542056074766354,0.2803738317757009,0.19626168224299065,0.45141132880103596,0.3455259602321899,0.32108908587286733,0.33531234909915664,0.6291554919022414,0.6164038708586996
100,10,0.9183673469387755,1.0,0.8673469387755102,0.37755102040816324,0.04081632653061224,0.3163265306122449,0.05102040816326531,0.19387755102040816,0.336734693877551,0.19387755102040816,0.061224489795918366,0.1836734693877551,0.061224489795918366,0.3673469387755102,0.15306122448979592,0.46983120135597295,0.3504012242732505,0.3102667332424021,0.27565852022731135,0.561335821775327,0.5549870089311758
101,10,0.898989898989899,1.0,0.7373737373737373,0.37373737373737376,0.0707070707070707,0.31313131313131315,0.09090909090909091,0.20202020202020202,0.31313131313131315,0.1919191919191919,0.06060606060606061,0.1717171717171717,0.06060606060606061,0.35353535353535354,0.13131313131313133,0.4578064840732426,0.3430088076543812,0.3001610063309073,0.25326198802322175,0.5341588484567097,0.52490440527249
102,10,0.9484536082474226,1.0,0.711340206185567,0.38144329896907214,0.09278350515463918,0.30927835051546393,0.07216494845360824,0.1958762886597938,0.32989690721649484,0.18556701030927836,0.05154639175257732,0.16494845360824742,0.041237113402061855,0.3711340206185567,0.12371134020618557,0.45676502309350153,0.34434393045696665,0.27141846330858554,0.2746066989124783,0.5404886823325911,0.518866348081909
103,10,0.9278350515463918,1.0,0.6907216494845361,0.35051546391752575,0.08247422680412371,0.32989690721649484,0.07216494845360824,0.18556701030927836,0.32989690721649484,0.17525773195876287,0.061855670103092786,0.17525773195876287,0.05154639175257732,0.36082474226804123,0.1134020618556701,0.47209341334984467,0.31987849574488264,0.2885227261096997,0.27630037342029123,0.5292913423760607,0.5185908022828079
104,10,0.9278350515463918,1.0,0.7938144329896907,0.36082474226804123,0.061855670103092786,0.35051546391752575,0.05154639175257732,0.1958762886597938,0.32989690721649484,0.18556701030927836,0.061855670103092786,0.17525773195876287,0.05154639175257732,0.3917525773195876,0.16494845360824742,0.4708084377101492,0.31884133761299766,0.29870866071961283,0.28698257972925917,0.5436754381198912,0.5374192789132576
105,10,0.898989898989899,1.0,0.797979797979798,0.36363636363636365,0.06060606060606061,0.3434343434343434,0.06060606060606061,0.20202020202020202,0.3333333333333333,0.18181818181818182,0.030303030303030304,0.1717171717171717,0.04040404040404041,0.3838383838383838,0.16161616161616163,0.4563005149690296,0.31688865539904987,0.29239301768614423,0.2694524443041812,0.5275167301824517,0.5192286284934512
106,10,0.9690721649484536,1.0,0.865979381443299,0.3711340206185567,0.041237113402061855,0.3402061855670103,0.020618556701030927,0.1958762886597938,0.32989690721649484,0.18556701030927836,0.061855670103092786,0.18556701030927836,0.07216494845360824,0.38144329896907214,0.16494845360824742,0.4722809823560066,0.3292194464700287,0.29568047751299664,0.28776466809418544,0.5490572613072225,0.5416686492165675
107,10,0.9595959595959596,1.0,0.8585858585858586,0.37373737373737376,0.04040404040404041,0.31313131313131315,0.04040404040404041,0.20202020202020202,0.32323232323232326,0.18181818181818182,0.030303030303030304,0.1717171717171717,0.030303030303030304,0.37373737373737376,0.1717171717171717,0.4611496782206387,0.31720247463423157,0.27900794389008954,0.28565951919943905,0.5320108250004626,0.5218034039880082
108,10,0.9381443298969072,1.0,0.8350515463917526,0.3711340206185567,0.061855670103092786,0.3402061855670103,0.05154639175257732,0.20618556701030927,0.32989690721649484,0.1958762886597938,0.061855670103092786,0.18556701030927836,0.061855670103092786,0.4020618556701031,0.16494845360824742,0.47498370792830535,0.3363174031867732,0.3013615755408597,0.2820941855039518,0.555736351823984,0.541235095179786
109,10,0.8865979381443299,1.0,0.8247422680412371,0.35051546391752575,0.05154639175257732,0.36082474226804123,0.05154639175257732,0.20618556701030927,0.35051546391752575,0.18556701030927836,0.05154639175257732,0.18556701030927836,0.061855670103092786,0.35051546391752575,0.15463917525773196,0.47768103010173396,0.33939224376947197,0.3233245124094377,0.26624850384337284,0.5551834614378274,0.5456530970740046
110,11,1.1,1.0,0.8333333333333334,0.36666666666666664,0.1111111111111111,0.37777777777777777,0.06666666666666667,0.2222222222222222,0.4111111111111111,0.18888888888888888,0.044444444444444446,0.18888888888888888,0.044444444444444446,0.43333333333333335,0.15555555555555556,0.471549993567459,0.34927094496464284,0.34158848654428153,0.2864961667039306,0.5852940885537988,0.5907447172744369
111,11,1.0,1.0,0.8152173913043478,0.358695652173913,0.08695652173913043,0.33695652173913043,0.05434782608695652,0.2391304347826087,0.391304347826087,0.18478260869565216,0.05434782608695652,0.18478260869565216,0.05434782608695652,0.41304347826086957,0.09782608695652174,0.4529037680858904,0.34352244907774787,0.330524803797273,0.25713472265616555,0.5558621981132782,0.5538542429392053
112,11,1.032967032967033,1.0,0.8571428571428571,0.37362637362637363,0.08791208791208792,0.34065934065934067,0.054945054945054944,0.24175824175824176,0.4065934065934066,0.1978021978021978,0.06593406593406594,0.18681318681318682,0.054945054945054944,0.3956043956043956,0.12087912087912088,0.461726806154152,0.3561350013229589,0.3340834553756161,0.3031343020464993,0.605282094907709,0.6042797369233874
113,11,0.9333333333333333,1.0,0.7777777777777778,0.36666666666666664,0.07777777777777778,0.35555555555555557,0.06666666666666667,0.24444444444444444,0.3888888888888889,0.18888888888888888,0.05555555555555555,0.18888888888888888,0.05555555555555555,0.4222222222222222,0.12222222222222222,0.45960321647925795,0.3596978570856566,0.35504981607448877,0.24003353706898514,0.5585475297013927,0.5664555707028106
114,11,0.967391304347826,1.0,0.8260869565217391,0.3695652173913043,0.07608695652173914,0.358695652173913,0.07608695652173914,0.25,0.41304347826086957,0.1956521739130435,0.05434782608695652,0.1956521739130435,0.06521739130434782,0.42391304347826086,0.09782608695652174,0.47523968902521657,0.3750987167028256,0.38000494393762074,0.2527117584173024,0.5837875178474946,0.60629378605545
115,11,1.086021505376344,1.0,0.8924731182795699,0.3548387096774194,0.08602150537634409,0.3655913978494624,0.06451612903225806,0.25806451612903225,0.43010752688172044,0.1827956989247312,0.043010752688172046,0.1935483870967742,0.053763440860215055,0.41935483870967744,0.12903225806451613,0.48391397658320456,0.3658530069235417,0.3675477396630849,0.2771744919779575,0.5998635150495544,0.6067797871985744
116,11,0.9354838709677419,1.0,0.8064516129032258,0.3655913978494624,0.053763440860215055,0.3655913978494624,0.06451612903225806,0.25806451612903225,0.41935483870967744,0.1935483870967742,0.06451612903225806,0.1935483870967742,0.06451612903225806,0.40860215053763443,0.0967741935483871,0.46776171012457374,0.37471497446806223,0.37173741332743027,0.24130084763816748,0.5770421477830577,0.5850799984544086
117,11,1.0093457943925233,1.0,0.8317757009345794,0.37383177570093457,0.08411214953271028,0.3644859813084112,0.07476635514018691,0.24299065420560748,0.4205607476635514,0.18691588785046728,0.056074766355140186,0.19626168224299065,0.056074766355140186,0.38317757009345793,0.11214953271028037,0.47832463919130064,0.37118960801832257,0.36102120011699784,0.2727604258585605,0.5970115435768252,0.6017018433226526
118,11,0.9607843137254902,1.0,0.7843137254901961,0.3627450980392157,0.08823529411764706,0.37254901960784315,0.08823529411764706,0.24509803921568626,0.4019607843137255,0.18627450980392157,0.058823529411764705,0.18627450980392157,0.058823529411764705,0.38235294117647056,0.10784313725490197,0.46638337916668654,0.3650196968452077,0.3558988949863686,0.2500854226309472,0.5742398491696531,0.5743115395845522
119,11,0.9805825242718447,1.0,0.8446601941747572,0.36893203883495146,0.06796116504854369,0.34951456310679613,0.06796116504854369,0.23300970873786409,0.4077669902912621,0.18446601941747573,0.05825242718446602,0.1941747572815534,0.06796116504854369,0.36893203883495146,0.11650485436893204,0.46004303409300623,0.36160461861637594,0.35017943478046115,0.26377758949014113,0.5798300920636947,0.5846347287389754
120,12,0.9537037037037037,1.0,0.7129629629629629,0.3055555555555556,0.09259259259259259,0.3055555555555556,0.046296296296296294,0.17592592592592593,0.28703703703703703,0.18518518518518517,0.05555555555555555,0.17592592592592593,0.05555555555555555,0.35185185185185186,0.10185185185185185,0.4377323451667492,0.2576605987510658,0.2619324996149182,0.29530521618434913,0.4871940709771678,0.48718224141604954
121,12,0.9357798165137615,1.0,0.6972477064220184,0.3211009174311927,0.09174311926605505,0.3211009174311927,0.045871559633027525,0.1743119266055046,0.27522935779816515,0.1834862385321101,0.05504587155963303,0.1834862385321101,0.06422018348623854,0.3486238532110092,0.11009174311926606,0.43512209606655256,0.2629823337593235,0.2566766895578581,0.29026167617415455,0.48846989118181844,0.4794894687693557
122,12,0.9813084112149533,1.0,0.7289719626168224,0.308411214953271,0.07476635514018691,0.29906542056074764,0.04672897196261682,0.17757009345794392,0.2803738317757009,0.18691588785046728,0.056074766355140186,0.18691588785046728,0.056074766355140186,0.32710280373831774,0.21495327102803738,0.44147918774899914,0.2594609982610281,0.2504793871252127,0.31253533857290977,0.49394910595808644,0.49080433345817787
123,12,0.9813084112149533,1.0,0.7476635514018691,0.32710280373831774,0.102803738317757,0.3177570093457944,0.037383177570093455,0.17757009345794392,0.2803738317757009,0.18691588785046728,0.056074766355140186,0.18691588785046728,0.056074766355140186,0.3364485981308411,0.205607476635514,0.438269043694357,0.2586634325407071,0.252872984932498,0.3199666335833951,0.5048982708954189,0.49951641485805903
124,12,0.963302752293578,1.0,0.7064220183486238,0.29357798165137616,0.08256880733944955,0.3302752293577982,0.045871559633027525,0.1743119266055046,0.28440366972477066,0.1834862385321101,0.05504587155963303,0.1834862385321101,0.05504587155963303,0.3394495412844037,0.1834862385321101,0.4545767410095681,0.25686071492144974,0.2701593903122545,0.3011065004708302,0.49223897911645115,0.4878463071460599
125,12,0.9532710280373832,1.0,0.6915887850467289,0.29906542056074764,0.08411214953271028,0.34579439252336447,0.04672897196261682,0.17757009345794392,0.27102803738317754,0.17757009345794392,0.056074766355140186,0.18691588785046728,0.056074766355140186,0.34579439252336447,0.16822429906542055,0.44873829585964614,0.256667388439454,0.26322845147984936,0.2956921230346461,0.487198954838049,0.4769658873763545
126,12,0.9626168224299065,1.0,0.7383177570093458,0.32710280373831774,0.12149532710280374,0.35514018691588783,0.028037383177570093,0.18691588785046728,0.2803738317757009,0.17757009345794392,0.056074766355140186,0.17757009345794392,0.056074766355140186,0.34579439252336447,0.1588785046728972,0.4523664845893135,0.2636356540340482,0.27323258176453624,0.30466132467204005,0.49828339072992883,0.5076678612537796
127,12,0.9252336448598131,1.0,0.6915887850467289,0.29906542056074764,0.102803738317757,0.34579439252336447,0.04672897196261682,0.17757009345794392,0.27102803738317754,0.16822429906542055,0.056074766355140186,0.16822429906542055,0.056074766355140186,0.3364485981308411,0.14953271028037382,0.4227138837250441,0.24006782619867315,0.27115262058487744,0.2862827369856213,0.4743545384437634,0.48321186490888146
128,12,0.9906542056074766,1.0,0.7476635514018691,0.29906542056074764,0.08411214953271028,0.3364485981308411,0.04672897196261682,0.17757009345794392,0.27102803738317754,0.17757009345794392,0.056074766355140186,0.18691588785046728,0.056074766355140186,0.3364485981308411,0.19626168224299065,0.4486954723049646,0.2610905197038688,0.26869904951491236,0.3100277519603186,0.5060127257310052,0.5009122267218831
129,12,0.9532710280373832,1.0,0.719626168224299,0.3177570093457944,0.102803738317757,0.34579439252336447,0.04672897196261682,0.18691588785046728,0.2897196261682243,0.19626168224299065,0.06542056074766354,0.18691588785046728,0.056074766355140186,0.35514018691588783,0.11214953271028037,0.4504040535924523,0.2645050051031892,0.2775748766437942,0.2902475166679384,0.49508414072994283,0.4950804162455807
130,13,0.9919354838709677,1.0,0.7661290322580645,0.33064516129032256,0.06451612903225806,0.31451612903225806,0.03225806451612903,0.16129032258064516,0.29838709677419356,0.20161290322580644,0.07258064516129033,0.18548387096774194,0.08064516129032258,0.3790322580645161,0.2661290322580645,0.4758501893511392,0.288380999411728,0.29274911540844956,0.30544962390436253,0.5285750507611959,0.5289821598033515
131,13,0.9743589743589743,1.0,0.7008547008547008,0.3247863247863248,0.07692307692307693,0.3076923076923077,0.042735042735042736,0.1794871794871795,0.3076923076923077,0.20512820512820512,0.06837606837606838,0.18803418803418803,0.07692307692307693,0.452991452991453,0.24786324786324787,0.47735797276983916,0.28584544175704163,0.2946071923823464,0.29193186552981515,0.5154597525545519,0.5156462391057113
132,13,0.990990990990991,1.0,0.7387387387387387,0.3333333333333333,0.07207207207207207,0.3333333333333333,0.036036036036036036,0.17117117117117117,0.3153153153153153,0.1981981981981982,0.07207207207207207,0.1891891891891892,0.09009009009009009,0.3963963963963964,0.25225225225225223,0.4895425458082359,0.29916768497141966,0.30860494067140953,0.3116068093502824,0.5523070759724451,0.5457217896796779
133,13,0.9557522123893806,1.0,0.7079646017699115,0.336283185840708,0.07079646017699115,0.3185840707964602,0.02654867256637168,0.18584070796460178,0.3185840707964602,0.20353982300884957,0.07964601769911504,0.18584070796460178,0.08849557522123894,0.39823008849557523,0.21238938053097345,0.48545727284638784,0.30631775367263986,0.289691624314075,0.2948978115244568,0.5305223009616877,0.5233880085815016
134,13,0.9912280701754386,1.0,0.8070175438596491,0.34210526315789475,0.05263157894736842,0.34210526315789475,0.043859649122807015,0.15789473684210525,0.3333333333333333,0.21052631578947367,0.07894736842105263,0.19298245614035087,0.08771929824561403,0.38596491228070173,0.22807017543859648,0.48261241488159573,0.3118248932781926,0.33356853998335867,0.3027020255574996,0.5698697073563413,0.5701320458821806
135,13,0.9912280701754386,1.0,0.7456140350877193,0.34210526315789475,0.07017543859649122,0.3333333333333333,0.043859649122807015,0.18421052631578946,0.3157894736842105,0.20175438596491227,0.07017543859649122,0.18421052631578946,0.07894736842105263,0.38596491228070173,0.2543859649122807,0.47827615070289553,0.3068991937876194,0.30696451416305964,0.3082234865260356,0.5587547353228881,0.5507421714379217
136,13,0.9428571428571428,1.0,0.7428571428571429,0.38571428571428573,0.07142857142857142,0.2857142857142857,0.03571428571428571,0.17142857142857143,0.30714285714285716,0.2,0.06428571428571428,0.17142857142857143,0.07142857142857142,0.38571428571428573,0.19285714285714287,0.4643648284243231,0.32924080893332436,0.2755805417362102,0.27936910395730186,0.536175687544514,0.5159022351309905
137,13,0.9921259842519685,1.0,0.7795275590551181,0.3228346456692913,0.05511811023622047,0.3228346456692913,0.047244094488188976,0.14960629921259844,0.31496062992125984,0.1968503937007874,0.07874015748031496,0.1889763779527559,0.08661417322834646,0.3858267716535433,0.2755905511811024,0.48294990289204914,0.2892945856030799,0.3136045585841733,0.32378542122057585,0.5592077256499243,0.5577351396728207
138,13,0.968503937007874,1.0,0.7559055118110236,0.3228346456692913,0.05511811023622047,0.31496062992125984,0.03937007874015748,0.15748031496062992,0.3228346456692913,0.1889763779527559,0.07086614173228346,0.1889763779527559,0.07086614173228346,0.3779527559055118,0.2204724409448819,0.48175343596245884,0.2968284368210026,0.3115282620410759,0.30271500562538023,0.5437593689753794,0.5451691877828162
139,13,0.9920634920634921,1.0,0.7777777777777778,0.3253968253968254,0.06349206349206349,0.31746031746031744,0.047619047619047616,0.1746031746031746,0.3333333333333333,0.20634920634920634,0.07936507936507936,0.19047619047619047,0.07936507936507936,0.38095238095238093,0.23015873015873015,0.49078181205504734,0.31734097260052585,0.3231097671599811,0.3137727953255862,0.5742509724278099,0.5747941561946023
140,14,0.9279279279279279,1.0,0.8378378378378378,0.3333333333333333,0.06306306306306306,0.34234234234234234,0.04504504504504504,0.1981981981981982,0.35135135135135137,0.17117117117117117,0.05405405405405406,0.18018018018018017,0.05405405405405406,0.32432432432432434,0.1891891891891892,0.43993993993994,0.3173596685565029,0.3190895015931172,0.2966521280771476,0.5718389962878655,0.5695239729405184
141,14,0.8947368421052632,1.0,0.8157894736842105,0.34210526315789475,0.043859649122807015,0.32456140350877194,0.043859649122807015,0.21052631578947367,0.3508771929824561,0.17543859649122806,0.05263157894736842,0.17543859649122806,0.05263157894736842,0.3508771929824561,0.12280701754385964,0.4400584795321639,0.3225409302179334,0.3148018778761785,0.2629508076690008,0.5415142511926393,0.5390135163183882
142,14,0.9327731092436975,1.0,0.8823529411764706,0.3445378151260504,0.04201680672268908,0.3445378151260504,0.05042016806722689,0.20168067226890757,0.3697478991596639,0.17647058823529413,0.05042016806722689,0.17647058823529413,0.058823529411764705,0.3025210084033613,0.15966386554621848,0.44819187657344695,0.33828445352763475,0.3388548619987017,0.29453826281363527,0.5932145204470815,0.591480610226514
143,14,0.9007633587786259,1.0,0.8320610687022901,0.3435114503816794,0.04580152671755725,0.3511450381679389,0.04580152671755725,0.21374045801526717,0.366412213740458,0.17557251908396945,0.05343511450381679,0.183206106870229,0.05343511450381679,0.31297709923664124,0.13740458015267176,0.4554707379134859,0.3327819943397969,0.3408112810923116,0.29124113575004246,0.5844393908268216,0.5864190641438222
144,14,0.926829268292683,1.0,0.8211382113821138,0.34146341463414637,0.056910569105691054,0.34959349593495936,0.04065040650406504,0.2032520325203252,0.34959349593495936,0.17886178861788618,0.06504065040650407,0.18699186991869918,0.06504065040650407,0.34146341463414637,0.15447154471544716,0.4540023401557368,0.3319151727577319,0.33185394941254254,0.2945205107971401,0.5838713765281236,0.5814512821598316
145,14,0.9606299212598425,1.0,0.9212598425196851,0.3543307086614173,0.05511811023622047,0.36220472440944884,0.047244094488188976,0.2125984251968504,0.3779527559055118,0.18110236220472442,0.06299212598425197,0.1889763779527559,0.07086614173228346,0.3228346456692913,0.15748031496062992,0.4632974187041034,0.3487123898566706,0.35688797828396185,0.3081249760311941,0.616263240655311,0.6221075421786719
146,14,0.875968992248062,1.0,0.7906976744186046,0.3333333333333333,0.05426356589147287,0.35658914728682173,0.046511627906976744,0.20930232558139536,0.35658914728682173,0.17829457364341086,0.05426356589147287,0.18604651162790697,0.05426356589147287,0.3488372093023256,0.11627906976744186,0.44342357667124827,0.31996076498319964,0.3334301524232592,0.2672578091021889,0.5538951511051798,0.5525313094348363
147,14,0.9763779527559056,1.0,0.8346456692913385,0.2992125984251969,0.05511811023622047,0.3700787401574803,0.05511811023622047,0.1968503937007874,0.3779527559055118,0.18110236220472442,0.05511811023622047,0.18110236220472442,0.05511811023622047,0.29133858267716534,0.15748031496062992,0.4514435695538058,0.3211288331286848,0.348836672172584,0.303212783894978,0.5915238708631965,0.5976021473178248
148,14,0.9689922480620154,1.0,0.8294573643410853,0.3333333333333333,0.07751937984496124,0.34108527131782945,0.03875968992248062,0.20155038759689922,0.3643410852713178,0.17054263565891473,0.046511627906976744,0.17829457364341086,0.05426356589147287,0.3178294573643411,0.14728682170542637,0.4421323792743938,0.3231160570222056,0.31550356514003997,0.2986444169429049,0.5792363156079028,0.5675191774843895
149,14,0.9323308270676691,1.0,0.8421052631578947,0.3383458646616541,0.06766917293233082,0.3533834586466165,0.03759398496240601,0.20300751879699247,0.3609022556390977,0.17293233082706766,0.05263157894736842,0.17293233082706766,0.05263157894736842,0.3007518796992481,0.15037593984962405,0.4536440547790517,0.3217695218824063,0.3346091037943793,0.3005853765232471,0.5820894134501337,0.5849689025116401
150,15,1.0573770491803278,1.0,0.8278688524590164,0.3360655737704918,0.09016393442622951,0.30327868852459017,0.04918032786885246,0.20491803278688525,0.39344262295081966,0.1885245901639344,0.07377049180327869,0.1885245901639344,0.07377049180327869,0.3114754098360656,0.14754098360655737,0.465131334967395,0.3472894019635908,0.32634653736738806,0.3218540900395677,0.620226116922974,0.602774922441808
151,15,1.0975609756097562,1.0,0.8617886178861789,0.34959349593495936,0.0975609756097561,0.3170731707317073,0.04878048780487805,0.1951219512195122,0.3983739837398374,0.1951219512195122,0.07317073170731707,0.18699186991869918,0.08130081300813008,0.3252032520325203,0.17073170731707318,0.4790267850457519,0.35930926385412415,0.3327069813624805,0.3387813839680731,0.6456329029064986,0.6252048525557964
152,15,1.069767441860465,1.0,0.8604651162790697,0.34108527131782945,0.10077519379844961,0.31007751937984496,0.03875968992248062,0.20155038759689922,0.4108527131782946,0.1937984496124031,0.08527131782945736,0.1937984496124031,0.07751937984496124,0.32558139534883723,0.13953488372093023,0.4739877457804696,0.36617062899541425,0.34083281644756,0.32292612549458327,0.6420939066269472,0.620818174737206
153,15,1.024,1.0,0.816,0.328,0.096,0.304,0.04,0.2,0.384,0.184,0.072,0.184,0.072,0.32,0.136,0.44892475984289393,0.3427435286329315,0.3220812143574587,0.3026695651680431,0.6028363772847303,0.5814285548925545
154,15,1.0714285714285714,1.0,0.8412698412698413,0.3333333333333333,0.0873015873015873,0.3253968253968254,0.03968253968253968,0.20634920634920634,0.40476190476190477,0.19047619047619047,0.07936507936507936,0.19047619047619047,0.07936507936507936,0.3412698412698413,0.15079365079365079,0.48110493154033596,0.3624350753561754,0.3448086244474625,0.32579389917865026,0.640939723296167,0.6241976457278774
155,15,1.0681818181818181,1.0,0.8712121212121212,0.32575757575757575,0.09848484848484848,0.3106060606060606,0.045454545454545456,0.20454545454545456,0.4015151515151515,0.1893939393939394,0.07575757575757576,0.1893939393939394,0.07575757575757576,0.3181818181818182,0.14393939393939395,0.46805785464008254,0.35698387297384493,0.33795421055394603,0.31732131787464907,0.6299926594364267,0.6101822183226812
156,15,1.098360655737705,1.0,0.8442622950819673,0.3360655737704918,0.10655737704918032,0.319672131147541,0.040983606557377046,0.19672131147540983,0.4016393442622951,0.1885245901639344,0.07377049180327869,0.19672131147540983,0.07377049180327869,0.3360655737704918,0.13934426229508196,0.4776882311345051,0.3558091777226325,0.33356753507628173,0.3292294457962965,0.6356110942762171,0.6149020465566576
157,15,1.0827067669172932,1.0,0.8646616541353384,0.3308270676691729,0.09022556390977443,0.3007518796992481,0.045112781954887216,0.20300751879699247,0.39849624060150374,0.18796992481203006,0.07518796992481203,0.18796992481203006,0.07518796992481203,0.3233082706766917,0.14285714285714285,0.471548473198262,0.3578511696153905,0.3285337236939667,0.32698830046505667,0.6344203127533732,0.6111948145947855
158,15,1.1,1.0,0.7727272727272727,0.38181818181818183,0.13636363636363635,0.24545454545454545,0.05454545454545454,0.19090909090909092,0.38181818181818183,0.2,0.07272727272727272,0.18181818181818182,0.06363636363636363,0.32727272727272727,0.18181818181818182,0.44551391070100066,0.3740760818452213,0.2606739595205575,0.33863931634232713,0.63258838673657,0.576065806649249
159,15,1.075,1.0,0.8416666666666667,0.3416666666666667,0.1,0.325,0.041666666666666664,0.19166666666666668,0.39166666666666666,0.19166666666666668,0.075,0.19166666666666668,0.06666666666666667,0.30833333333333335,0.15833333333333333,0.46994417845548164,0.3498297837426795,0.3315784640160023,0.33066350831519054,0.6322509177485054,0.6145855932161842
160,16,1.0232558139534884,1.0,0.813953488372093,0.3953488372093023,0.08139534883720931,0.3023255813953488,0.05813953488372093,0.20930232558139536,0.3488372093023256,0.18604651162790697,0.046511627906976744,0.1744186046511628,0.046511627906976744,0.32558139534883723,0.20930232558139536,0.47720340900300434,0.33518991135286663,0.30002596247163116,0.3030378901878714,0.5683589152631469,0.561012102143329
161,16,0.9775280898876404,1.0,0.7865168539325843,0.3595505617977528,0.0898876404494382,0.30337078651685395,0.0449438202247191,0.20224719101123595,0.33707865168539325,0.1797752808988764,0.0449438202247191,0.16853932584269662,0.0449438202247191,0.3258426966292135,0.1797752808988764,0.46485964401180746,0.3220140232706201,0.294605715489242,0.27914967230910614,0.5405801711165739,0.5287114173920107
162,16,1.103448275862069,1.0,0.8620689655172413,0.39080459770114945,0.11494252873563218,0.3218390804597701,0.04597701149425287,0.20689655172413793,0.3448275862068966,0.19540229885057472,0.04597701149425287,0.1839080459770115,0.04597701149425287,0.3563218390804598,0.19540229885057472,0.4848106058320639,0.3277682808922631,0.30324192198294986,0.30867088886309746,0.5687797212024669,0.561190866688977
163,16,0.9662921348314607,1.0,0.7528089887640449,0.3595505617977528,0.10112359550561797,0.3146067415730337,0.056179775280898875,0.20224719101123595,0.33707865168539325,0.1797752808988764,0.0449438202247191,0.1797752808988764,0.056179775280898875,0.3146067415730337,0.15730337078651685,0.471995711872745,0.3178537690495994,0.30442044050140193,0.28517445872131525,0.5419505421182451,0.5416895767185899
164,16,0.9885057471264368,1.0,0.7586206896551724,0.3793103448275862,0.10344827586206896,0.2988505747126437,0.05747126436781609,0.19540229885057472,0.3448275862068966,0.20689655172413793,0.05747126436781609,0.1839080459770115,0.06896551724137931,0.28735632183908044,0.21839080459770116,0.46745556128968546,0.3276264666718325,0.2982443078705712,0.2998107412894683,0.5588642390420151,0.5575851419546779
165,16,0.9883720930232558,1.0,0.7674418604651163,0.36046511627906974,0.10465116279069768,0.313953488372093,0.05813953488372093,0.19767441860465115,0.32558139534883723,0.18604651162790697,0.05813953488372093,0.1744186046511628,0.05813953488372093,0.313953488372093,0.18604651162790697,0.4748118968176069,0.3226650114506884,0.300994013281918,0.28930391726824,0.549918254409927,0.5414164736770318
166,16,1.0232558139534884,1.0,0.8023255813953488,0.3488372093023256,0.10465116279069768,0.29069767441860467,0.046511627906976744,0.19767441860465115,0.36046511627906974,0.1744186046511628,0.046511627906976744,0.1744186046511628,0.046511627906976744,0.313953488372093,0.19767441860465115,0.46908449345878556,0.31881642994934994,0.3010035102275067,0.2916459500999851,0.5457497162980232,0.5474924537377898
167,16,0.9302325581395349,1.0,0.7558139534883721,0.3372093023255814,0.06976744186046512,0.3023255813953488,0.046511627906976744,0.19767441860465115,0.3372093023255814,0.18604651162790697,0.05813953488372093,0.18604651162790697,0.046511627906976744,0.36046511627906974,0.13953488372093023,0.46710636912218934,0.32436030937810795,0.3067609084819281,0.2601183842478044,0.5288022508495739,0.5246111144504693
168,16,1.011764705882353,1.0,0.788235294117647,0.36470588235294116,0.08235294117647059,0.29411764705882354,0.058823529411764705,0.21176470588235294,0.3411764705882353,0.18823529411764706,0.047058823529411764,0.17647058823529413,0.058823529411764705,0.36470588235294116,0.16470588235294117,0.4745156376241625,0.3298444935007653,0.2966278141843856,0.29072018855241794,0.5550725505122549,0.5424393123065135
169,16,0.9666666666666667,1.0,0.6444444444444445,0.3111111111111111,0.1,0.28888888888888886,0.05555555555555555,0.2111111111111111,0.3111111111111111,0.16666666666666666,0.044444444444444446,0.14444444444444443,0.03333333333333333,0.43333333333333335,0.2,0.4575080111286726,0.30948234357981447,0.2636291119015032,0.25406449069497833,0.4901287938571872,0.47621611703454214
170,17,0.865546218487395,1.0,0.7563025210084033,0.3949579831932773,0.06722689075630252,0.31932773109243695,0.03361344537815126,0.16806722689075632,0.3277310924369748,0.17647058823529413,0.058823529411764705,0.16806722689075632,0.058823529411764705,0.29411764705882354,0.15966386554621848,0.427438589935365,0.3117605986918185,0.28683893204818556,0.2568395838143155,0.5121202418875649,0.5121674288840435
171,17,0.8990825688073395,1.0,0.7981651376146789,0.4036697247706422,0.08256880733944955,0.3211009174311927,0.045871559633027525,0.1926605504587156,0.3669724770642202,0.1834862385321101,0.05504587155963303,0.1743119266055046,0.05504587155963303,0.3486238532110092,0.11926605504587157,0.4587743081692882,0.3316079479449934,0.3177722105096141,0.2520342472201544,0.5245741498573635,0.5402241945019333
172,17,0.9541284403669725,1.0,0.8165137614678899,0.42201834862385323,0.08256880733944955,0.3761467889908257,0.027522935779816515,0.1926605504587156,0.3761467889908257,0.1926605504587156,0.06422018348623854,0.1834862385321101,0.06422018348623854,0.3119266055045872,0.1559633027522936,0.4747016698066974,0.33938943094125607,0.3207907351314732,0.29349615645465915,0.5733269888906062,0.5742296262838436
173,17,1.0583333333333333,1.0,0.8583333333333333,0.35833333333333334,0.09166666666666666,0.2833333333333333,0.03333333333333333,0.175,0.39166666666666666,0.175,0.058333333333333334,0.16666666666666666,0.06666666666666667,0.3333333333333333,0.13333333333333333,0.4279855195427428,0.3320153470431053,0.3084876713047876,0.32897036979181,0.6024602498285317,0.6076754592169802
174,17,0.9906542056074766,1.0,0.822429906542056,0.411214953271028,0.09345794392523364,0.35514018691588783,0.04672897196261682,0.18691588785046728,0.35514018691588783,0.18691588785046728,0.056074766355140186,0.18691588785046728,0.06542056074766354,0.32710280373831774,0.1308411214953271,0.4518525943006771,0.32612537646900513,0.2823949891372511,0.30008866631349745,0.5574014253893829,0.5450011527865418
175,17,0.9423076923076923,1.0,0.8076923076923077,0.40384615384615385,0.08653846153846154,0.38461538461538464,0.04807692307692308,0.19230769230769232,0.375,0.19230769230769232,0.0673076923076923,0.18269230769230768,0.057692307692307696,0.3076923076923077,0.17307692307692307,0.46820154743484266,0.3293891189163706,0.3299375635908421,0.2854380926214052,0.5591528270876445,0.5762163138827427
176,17,0.9619047619047619,1.0,0.780952380952381,0.3904761904761905,0.09523809523809523,0.38095238095238093,0.0380952380952381,0.19047619047619047,0.37142857142857144,0.19047619047619047,0.0761904761904762,0.19047619047619047,0.06666666666666667,0.3333333333333333,0.1523809523809524,0.4890224513495368,0.3372903826336931,0.3408210042179029,0.28451219785475473,0.5645737215142407,0.5830604696014747
177,17,0.9489795918367347,1.0,0.7346938775510204,0.37755102040816324,0.08163265306122448,0.3673469387755102,0.04081632653061224,0.1836734693877551,0.336734693877551,0.19387755102040816,0.061224489795918366,0.1836734693877551,0.061224489795918366,0.30612244897959184,0.17346938775510204,0.4613359737236849,0.31380485721663065,0.30485131233612767,0.28866507062182817,0.5439545494797072,0.5474605762170609
178,17,0.9836065573770492,1.0,0.7295081967213115,0.3770491803278688,0.09016393442622951,0.36885245901639346,0.040983606557377046,0.1885245901639344,0.3524590163934426,0.18032786885245902,0.07377049180327869,0.1885245901639344,0.07377049180327869,0.3524590163934426,0.1885245901639344,0.47569239765727567,0.3277037388145139,0.31333211432293173,0.29298842531017383,0.5565012405596447,0.5639368089922973
179,17,1.0,1.0,0.8333333333333334,0.4083333333333333,0.075,0.36666666666666664,0.041666666666666664,0.18333333333333332,0.38333333333333336,0.18333333333333332,0.058333333333333334,0.18333333333333332,0.058333333333333334,0.325,0.18333333333333332,0.4825924238224884,0.3391058933833172,0.32754524603941026,0.3019844807749957,0.5827548884658661,0.5850179543778502
180,18,0.9811320754716981,1.0,0.8867924528301887,0.33962264150943394,0.04716981132075472,0.32075471698113206,0.05660377358490566,0.2169811320754717,0.3867924528301887,0.19811320754716982,0.07547169811320754,0.19811320754716982,0.07547169811320754,0.37735849056603776,0.1509433962264151,0.4717584867023816,0.35112121636830895,0.34748505142980396,0.29344026867679796,0.5965219202750364,0.6020987194506261
181,18,0.9716981132075472,1.0,0.8679245283018868,0.36792452830188677,0.04716981132075472,0.330188679245283,0.0660377358490566,0.2169811320754717,0.3867924528301887,0.19811320754716982,0.0660377358490566,0.18867924528301888,0.07547169811320754,0.39622641509433965,0.12264150943396226,0.47345469573989846,0.35744513376758624,0.34493576522713176,0.2844402202133948,0.5926859627567992,0.5931185253082911
182,18,0.9814814814814815,1.0,0.8425925925925926,0.3425925925925926,0.046296296296296294,0.32407407407407407,0.06481481481481481,0.2037037037037037,0.37962962962962965,0.19444444444444445,0.06481481481481481,0.18518518518518517,0.06481481481481481,0.37037037037037035,0.12037037037037036,0.4665788832453785,0.35318480516043826,0.33757871937715705,0.2876678338754884,0.5933186219232175,0.587253508983508
183,18,0.981651376146789,1.0,0.8623853211009175,0.3302752293577982,0.03669724770642202,0.3211009174311927,0.06422018348623854,0.2018348623853211,0.3853211009174312,0.1834862385321101,0.06422018348623854,0.1834862385321101,0.06422018348623854,0.3394495412844037,0.14678899082568808,0.46206888513720396,0.3463962615818115,0.33647376822776887,0.30107817094445755,0.6012847194030908,0.5963398807349967
184,18,1.0188679245283019,1.0,0.8207547169811321,0.32075471698113206,0.05660377358490566,0.32075471698113206,0.0660377358490566,0.20754716981132076,0.3584905660377358,0.18867924528301888,0.0660377358490566,0.1792452830188679,0.05660377358490566,0.3490566037735849,0.16981132075471697,0.46134433366107236,0.335679497291837,0.31867319462128557,0.31142838691172525,0.5942591290206236,0.5863475920261754
185,18,0.9722222222222222,1.0,0.8981481481481481,0.3425925925925926,0.046296296296296294,0.3425925925925926,0.06481481481481481,0.21296296296296297,0.3888888888888889,0.19444444444444445,0.06481481481481481,0.18518518518518517,0.06481481481481481,0.3611111111111111,0.1388888888888889,0.47077007821731204,0.3555509264911666,0.35184884363260527,0.2912447049658959,0.5998803178531525,0.6059954308415897
186,18,0.981651376146789,1.0,0.8440366972477065,0.3486238532110092,0.05504587155963303,0.3211009174311927,0.06422018348623854,0.21100917431192662,0.3669724770642202,0.1926605504587156,0.06422018348623854,0.1834862385321101,0.06422018348623854,0.41284403669724773,0.11009174311926606,0.4682495469788936,0.34561055886725717,0.328330036539008,0.2842927655713362,0.5801017093991846,0.5723822461598792
187,18,0.9908256880733946,1.0,0.8440366972477065,0.3302752293577982,0.05504587155963303,0.3211009174311927,0.07339449541284404,0.21100917431192662,0.3761467889908257,0.1926605504587156,0.06422018348623854,0.1926605504587156,0.06422018348623854,0.3486238532110092,0.1651376146788991,0.46688034434551007,0.3404910202980954,0.3281162365735082,0.3074013196270957,0.594481038480403,0.5940671594328992
188,18,0.9553571428571429,1.0,0.8571428571428571,0.35714285714285715,0.05357142857142857,0.32142857142857145,0.07142857142857142,0.22321428571428573,0.38392857142857145,0.19642857142857142,0.0625,0.1875,0.05357142857142857,0.38392857142857145,0.11607142857142858,0.45752876583914887,0.3483837299501874,0.3382497187659617,0.26067615685595186,0.5662525411597709,0.5636793389368413
189,18,0.9537037037037037,1.0,0.8240740740740741,0.32407407407407407,0.05555555555555555,0.3055555555555556,0.06481481481481481,0.2037037037037037,0.37037037037037035,0.18518518518518517,0.05555555555555555,0.18518518518518517,0.06481481481481481,0.37037037037037035,0.14814814814814814,0.45086074938170034,0.3324851120691981,0.32045807866243586,0.29122060918940906,0.5742840491143867,0.5724941129930289
190,19,1.047244094488189,1.0,0.6850393700787402,0.25196850393700787,0.11811023622047244,0.3228346456692913,0.06299212598425197,0.2125984251968504,0.3464566929133858,0.18110236220472442,0.05511811023622047,0.18110236220472442,0.05511811023622047,0.3700787401574803,0.1732283464566929,0.4385063335638485,0.2622981821337554,0.3066502679254881,0.26933345698825517,0.48882633091032696,0.5129232984272686
191,19,0.9548872180451128,1.0,0.6390977443609023,0.2556390977443609,0.09774436090225563,0.3383458646616541,0.05263157894736842,0.23308270676691728,0.3157894736842105,0.17293233082706766,0.06015037593984962,0.18045112781954886,0.06015037593984962,0.39097744360902253,0.13533834586466165,0.42878506744798023,0.24444845949017888,0.30982921638002764,0.24785992106953497,0.45995383236252674,0.4865423416616318
192,19,1.0534351145038168,1.0,0.6717557251908397,0.2900763358778626,0.15267175572519084,0.3511450381679389,0.05343511450381679,0.21374045801526717,0.33587786259541985,0.183206106870229,0.061068702290076333,0.19083969465648856,0.06870229007633588,0.37404580152671757,0.1297709923664122,0.4470761085007171,0.2565675500009957,0.30624728492893616,0.281651987776268,0.4923411306473279,0.5164630046606774
193,19,1.0234375,1.0,0.6953125,0.28125,0.125,0.3515625,0.046875,0.2265625,0.3125,0.1640625,0.0390625,0.1796875,0.0390625,0.3984375,0.1875,0.42504244324423396,0.21392132511770548,0.2954019400975202,0.28278585909138176,0.4494822785294463,0.4976024365037346
194,19,1.0215827338129497,1.0,0.6834532374100719,0.28776978417266186,0.10071942446043165,0.34532374100719426,0.050359712230215826,0.22302158273381295,0.3381294964028777,0.17266187050359713,0.04316546762589928,0.17985611510791366,0.050359712230215826,0.3669064748201439,0.15827338129496402,0.4478589173551894,0.2630244747636252,0.31327102900049714,0.27666933465317545,0.49811556512301136,0.5203186258208098
195,19,1.0579710144927537,1.0,0.6956521739130435,0.2826086956521739,0.13768115942028986,0.32608695652173914,0.050724637681159424,0.21739130434782608,0.35507246376811596,0.18115942028985507,0.06521739130434782,0.18115942028985507,0.07246376811594203,0.3695652173913043,0.16666666666666666,0.44633269591901376,0.28081839030109434,0.32562959280037684,0.27787036442122254,0.5169049533736251,0.5475710758057938
196,19,0.9859154929577465,1.0,0.647887323943662,0.2676056338028169,0.11971830985915492,0.323943661971831,0.04225352112676056,0.2112676056338028,0.30985915492957744,0.16901408450704225,0.056338028169014086,0.176056338028169,0.04929577464788732,0.3591549295774648,0.15492957746478872,0.42170033586433225,0.23582449918070716,0.2924894253397968,0.2601976973637207,0.4527022692637301,0.48571400701216755
197,19,1.0291970802919708,1.0,0.6934306569343066,0.291970802919708,0.10948905109489052,0.3357664233576642,0.051094890510948905,0.2116788321167883,0.34306569343065696,0.18248175182481752,0.06569343065693431,0.1897810218978102,0.072992700729927,0.36496350364963503,0.12408759124087591,0.4445785475604432,0.266110879257499,0.3146328859094871,0.2808904235801243,0.5007585368695546,0.5352418146217488
198,19,1.0300751879699248,1.0,0.706766917293233,0.2932330827067669,0.11278195488721804,0.3308270676691729,0.03759398496240601,0.22556390977443608,0.3458646616541353,0.18796992481203006,0.06766917293233082,0.18045112781954886,0.06766917293233082,0.37593984962406013,0.17293233082706766,0.442611412422503,0.26904251272444435,0.3206404446730839,0.2704977815712626,0.4975824558048109,0.5330957563919744
199,19,1.0227272727272727,1.0,0.6439393939393939,0.2727272727272727,0.12878787878787878,0.32575757575757575,0.05303030303030303,0.21212121212121213,0.3333333333333333,0.18181818181818182,0.06060606060606061,0.18181818181818182,0.06818181818181818,0.3712121212121212,0.15151515151515152,0.42596070079356974,0.2455511078797844,0.3026993324731663,0.28591815177369095,0.4879725118844931,0.5230485184988155
