target,,,,,,,,,,,,,,,,,,,,,,,,,,,,,,,,,,,,,,,,,,,,,,,,,,,,,,,,,,,,,,,,,,,,,,,,,,,,,,,,,,,,,,,,,,,,,,,,,,,,,,,,,,,,,,,,,,,,,,,,,,,,,,,,,,,,,,,,,,,,,,,,,,,,,,,,,,,,,,,,,,,,,,,,,,,,,,,,,,,,,,,,,,,,,,,,,,,,,,,,,,,,,,,,,,,,,,,,,,,,,,,,,
0,38572,-45.774,-2402.5,2486.8,-474.02,-1794.4,-1527.8,-581.42,215.93,438.35,-558.57,426.74,-307.72,-733.83,-774.75,-864.58,2322.2,-1533.1,-294.06,213.27,288.51,-188.12,-207.42,348.52,-347.39,-284.24,269.35,-141.73,38.98,-21.578,-8119.1,-1955.9,-3072.2,253.22,-832.53,1292.3,-95.082,434.5,17.875,-441.16,346.8,159.57,235.39,546.24,266.8,-1506,2418.9,-585.66,-239.84,135.81,-14.441,71.651,-84.402,438.09,-92.466,-173.28,61.642,-215.48,-317.25,-13.625,-1137.2,1746.7,1139.5,-1737.4,925.17,1109.4,1454,-47.475,1151.8,-143.78,2.1404,-26.909,12.202,-56.412,705.96,-194.5,1639.5,-248.85,-530.97,582.92,-46.284,-399.35,-0.78682,72.401,-247.84,-316.56,154.73,28.991,-244.09,36.13,958.01,815.69,1835.2,308.58,1674.4,-449.06,-192.14,173.21,-363.47,735.5,-298.1,115.68,-247.81,64.816,-110.1,-229.71,1262.9,34.873,-896.23,157.08,-243.2,-554.3,74.791,-28.332,-149.12,-143.88,-7.3006,111.19,-86.372,73.731,2454.1,801.01,219.81,-453.38,-312.84,286.3,-745.64,427.7,-456.4,-452.54,-416.69,-72.755,693.52,-463.22,-79.755,-32.515,577.12,-355.14,-1092.4,350.03,-157.18,-508.57,-13.761,-88.074,-15.299,74.239,71.996,62.643,-251.82,96.24,659.96,954.44,179.99,-826.22,-108.26,-445.79,-412.25,-127.74,-194.68,-168.99,-148.23,191.02,-208.07,-194.67,-93.063,-236.17,-0.32337,-134.28,-902.5,212.99,258.67,-357.42,183.51,27.576,168.69,103.8,161.02,171.16,62.071,120.14,955.11,523.54,-919.3,-343.34,230.51,-377.53,-470.38,77.352,-341.54,69.155,293.69,7.5651,13.402,-262.71,138.83,-397.62,-353.63,18.691,-327.64,151.09,377.33,-135.58,337.42,266.79,-58.197,294.75,-1.8775,226.74,232.55,-131.63,147.7,634.59,-557.15,-461.89,-381.96,236.4,-202.47,-8.2586,72.497,177.92,125.73,-304.11,138.04,60.371,81.625
0,44169,1308.9,-1477.6,2715.1,1067.1,-2875.4,-2424.1,-284.94,883.63,736.17,-621.44,149.99,-256.41,-456.48,-406.48,1313.2,-424.86,-163.03,-407.07,54.852,-247.54,361.51,-398.1,-52.725,-145.93,197.75,-125.87,212.64,-150.2,159.82,-2087.2,-3193.1,-1230.2,-11.733,-696.59,1533.8,1060.4,307.57,-797.52,-354.35,308.17,-151.51,182.5,408.92,-52.642,-1294.1,419.35,-66.718,86.707,83.377,-349.38,-152.7,-204.82,161.43,44.384,-19.613,-135.92,-103.13,-18.001,-59.811,678.69,-556.2,-37.596,-2933.4,552.52,1293.3,1041.4,-124.07,-44.242,-164.31,157.79,388.22,-553.13,468.21,655.8,-309.74,-146.89,-324.75,-98.978,-246.82,258.59,-210.76,36.131,-115.75,-186.36,-235.29,-62.491,-122.57,115.13,-117.59,986.32,1274.5,1139.9,2649.2,-191.73,-424.84,-69.304,686.85,124.62,562.71,-139.31,-318.37,573.22,-316.92,-90.337,-273.99,85.94,500.65,256.64,26.369,365.88,-35.178,154.95,123.33,90.75,-74.148,225.72,-104.51,205.32,-128.68,2155.8,2153.5,358.48,-396.61,47.797,-71.153,302.35,-715.97,481.57,-1123.8,629.24,99.831,26.189,-107.1,-289.25,432.45,-146.1,-59.881,-0.91401,-156.76,334.59,-116.78,157.81,-322.48,25.804,9.2075,183.32,-38.079,20.974,-107.25,1850.3,1514.2,1180.9,-569.86,68.569,-491.72,-353.57,-244.78,31.932,362.15,-388.19,-367.1,-102.75,-158,-25.33,-100.86,7.1215,35.198,80.53,-62.828,-21.556,-127.47,231.61,64.208,62.319,8.2003,95.556,0.43145,-32.2,184.83,868.64,1308.4,-254.63,-900.62,-480.08,-116.4,-470.74,119.03,-483.46,204.68,-367.25,78.136,80.759,-211.09,-21.053,-78.57,-55.914,29.595,118.82,-22.005,-253.76,174.75,89.461,63.032,61.964,138.81,-39.181,168.75,-111.85,29.64,-41.268,210.59,-283.97,-772.84,-736.62,296.25,-302.78,-19.659,-83.53,-149.44,1.8622,132.83,-131.01,71.81,90.145
0,37983,3945.6,-4759.7,4886.7,799.35,533.45,-8.0552,-1397.9,-287.42,-437.2,-176.95,270.33,-135.03,362.2,269.77,-2828.9,-303.16,-1104.8,-189.05,-455.07,173.54,844.66,-99.524,621.73,-267.38,6.7043,-53.306,-726.18,220.67,-392.3,-1453.1,480.15,-3940,1987.9,-1816.4,761.71,885.16,-590.75,476.18,-379.29,-329.84,-174.77,-250.24,-177.89,-116.82,799.58,-707.31,-500.45,255.53,-554.28,-252.25,-41.014,-482.19,427.68,-98.566,152.62,387.39,-102.65,612.04,-242.37,609.27,1723,-1296,-1054.8,-1822.7,-992.95,437,-39.545,1185.8,-206.88,370.77,391.73,-231.27,104.75,-0.73815,87.285,-674.98,677.59,622.02,-224.28,-35.328,47.542,-322.56,-81.895,-323.25,195.38,225.44,-39.758,535.78,-104.32,231.63,-913.99,-362.96,51.848,-101.85,-277.16,66.511,170.16,-542.34,623.62,-204,130.11,428.32,61.905,114.94,1227.4,83.633,-618.14,-12.096,249.34,360.12,49.942,260.06,33.95,-141.24,365.66,-195.65,-253.08,17.665,-167.6,677.09,-845.33,-128.98,-173.1,-281.95,43.867,-61.452,382.81,20.552,-26.851,392.22,-188.8,58.481,-541.8,217.21,254.88,584.45,377.22,297.74,218.38,19.146,-204.33,-3.8681,168.94,-31.883,138.34,23.531,78.33,25.588,-176.01,159.11,-494.33,447.19,-377.71,86.101,2.6516,-105.4,407.81,59.011,71.019,197.66,-246.9,117.84,-2.9193,-190.82,638.86,1320.8,-33.286,137.23,452.78,7.9899,79.36,66.076,84.3,-227.74,112.09,10.395,-41.286,243.44,-11.648,363.87,33.092,-142.69,257.08,82.079,251.33,64.04,561.49,-509.62,148.57,-200.37,-88.175,110.23,12.848,-30.676,828.57,1143.3,414.43,2.496,673.3,-28.306,-333.13,-201.79,120.62,50.284,75.659,34.4,-213.63,-91.28,155.65,-178.74,941.61,-57.335,264.67,215.14,301.02,-247.76,-1.0817,-101.85,-5.9485,108.75,-27.612,-161.33,-86.427,136.54
0,31090,2566.8,-2012.5,1603.9,-789.99,-622.81,-724.38,-343.87,-326.26,93.348,-516.96,506.87,-484.14,2.8338,-321.97,-2861.2,-192.67,-1659.2,1048.9,-177.22,-109.11,620.09,-1078.1,1078,-661.04,234.64,-149.48,54.987,303.12,82.239,209.34,801.56,-1370,115.11,-622.57,983.01,150.69,-80.767,-440.86,152.4,-77.031,583.45,-137.08,268.27,-175.13,605.13,-769.33,-1391.6,1208.8,-388.38,-303.08,-29.554,-666.01,902.42,-239.19,304.42,-160.77,55.443,-34.006,0.87132,2111.8,2129.5,289.59,-1215.5,-46.395,287.13,730.91,355.31,9.5032,34.641,-340.85,194.11,-606.57,-6.5212,27.368,825.11,-60.806,-513.68,867.21,-234.22,-134.15,95.004,-183.99,365.76,-132.85,193.03,-149.01,34.693,0.16699,136.51,1815.1,1114.8,1391.7,50.514,302.94,218.43,-3.9733,247.94,-452.87,168.84,130.79,-76.007,184.37,161.2,-488.9,669.2,-215.79,-1089.5,343.59,1.1099,5.6376,-323.46,33.652,-110.42,-40.494,-38.51,-236.87,155.99,24.963,111.07,1895,1295.4,917.83,-503.19,114.08,57.074,-75.186,156.09,-88.176,-290.63,163.3,-214.45,179.04,90.612,-33.737,-43.137,110.69,-294.63,448.44,42.979,-158.18,0.47009,146.36,114.82,28.672,53.883,-85.974,79.886,-17.133,23.465,821.76,948.94,561.37,-591.43,-383.37,-167.63,-464.52,164.11,-170.88,-49.492,156.61,-110.06,65.753,-172.79,-170.94,-265.3,111.95,-175.83,171.15,341.55,-23.648,233.29,-18.032,28.694,-113.69,-26.051,14.868,-95.901,191.48,-233.19,644.28,540.9,-216.11,-412.75,-402.72,-2.916,-353.74,140.34,-90.283,54.334,169.53,-13.549,-31.216,-152.91,173.87,-394.64,-73.713,121.1,243.66,279.63,-146.87,200.17,-37.783,42.887,-29.332,43.732,27.456,13.153,42.764,-164.66,-147.31,-159.55,-119.3,-457.61,-355.98,151.61,-147.95,120.21,288.03,111.71,-123.6,-23.432,-101.31,15.669,334.38
0,27192,3690.4,-3895.8,3051.8,-1289.9,-1397.4,-563.28,-1106.9,481.08,-225.13,-175.15,-249.74,-789.63,172.74,-319.09,-569.72,-274.87,-84.197,358.8,513.52,160.02,792.22,-387.1,-192.33,251,-129.27,505.29,85.894,-24.393,-92.494,-923.29,318.03,-3365.8,1661.7,-1018.7,996.76,824.28,-815.19,626.89,-472.38,467.55,524.82,-81.356,404.59,-138.38,967.07,223.43,-466.74,462.38,-772.68,-806.24,264.12,-139.7,396.31,84.53,-621.11,80.595,-285.57,-78.952,366.36,2560.1,1268.3,-616.65,-383.74,-369.09,777.48,1035.4,546.56,85.473,-606.03,115.74,-100.23,-240.85,471.42,-281.32,1015.8,752.52,362.64,538.54,-136.81,-349.74,94.591,-266.26,365.39,132.38,-82.407,252.52,-440.67,-34.471,-54.847,1295.6,43.888,217.54,388.44,60.459,307.67,-604.5,317.4,-196.69,132.33,594.3,-504.81,256.91,-186.61,-84.653,911.01,1029.5,-370.88,442.35,301.96,100.04,-77.09,-57.195,17.512,-76.289,-147.28,302.31,165.42,-56.578,84.465,1702.6,777.56,503.16,-414.87,572.31,142.35,-360.01,210.62,17.377,-368.96,541.5,-369.6,83.652,347.41,-215.87,110.23,135.18,307.3,-427.96,-25.691,-341.24,72.078,-261.68,209.01,-266.02,-176.74,88.175,-24.054,9.4382,154.28,855.29,1379.4,728.69,-276.8,53.379,87.211,-633.5,383.85,-75.624,-36.117,-80.129,-83.008,-22.166,10.729,-221.2,-332.9,-193.19,-1.0413,-647.19,145.17,-36.91,-250,-105.81,-303.2,98.171,-241.98,172.52,44.799,-19.125,-87.31,1183.2,1206.4,-365.99,-69.879,-281.27,89.347,-396.62,-91.419,202.31,-4.0996,270.57,-155.32,23.226,58.118,84.452,-1057.9,-358.24,-267.22,-91.116,-85.541,46.425,9.6827,-53.922,-103.31,249.6,-128.46,4.3214,141.34,-158.21,80.753,765.7,366.99,-53.714,-381.28,-507.16,-110.58,-161.42,-144.43,380.62,-171.93,-152.05,-105.14,-51.232,119.03,10.244
0,24648,965.61,-988.76,2019,-1211.4,-921.48,-825.19,-914.27,516.55,-349.11,51.228,143.98,-263.16,112.06,-586.45,-2149,743.46,-1116.3,-854,1109.3,-114.75,512.05,23.757,-270.77,79.85,-323.75,213.87,-12.808,-10.033,248.59,3340.5,-2374.4,-215.4,1107.2,-1253.9,1243.6,55.164,-619.83,303.29,-21.815,365.81,258.36,204.59,212.24,-142.57,1524.8,504.36,-720.59,-172.62,712.4,-320.01,132.44,328.72,171.41,176.83,-183.95,81.239,-242.28,-279.64,82.877,2063,929.03,-403.33,-4.1276,-650.5,359.28,825.82,-203.16,532.52,-249.69,-22.947,-194.81,-322.72,315.31,132.97,770.53,840.55,-238.53,-382.99,377.18,-228.49,-79.991,249.85,-106.5,-153.03,134.68,-57.02,-185.6,-52.488,-32.335,808.66,968.46,892.86,1145.5,15.397,3.8049,278.73,-110.71,-130.74,399.97,-131.69,-55.845,312.73,-79.856,-229.24,1121.7,500.17,-773.39,-345.89,493.23,191.71,-214.6,300.21,-32.551,-289.93,92.442,-102.26,-23.881,246.67,20.96,975.49,1509,689.71,359.61,107.66,-209.25,173.75,-75.939,-269.45,72.669,-4.8419,-98.537,366.18,28.65,-29.508,121.72,-85.578,-375.05,-395.11,-221.12,-48.312,-401.57,178.27,115.72,-320.74,112.98,-150.03,-186,31.54,89.602,650.51,1248.6,870.05,-15.651,-159.26,-629.31,-361.72,-73.298,-264.55,196.8,-126.79,-24.434,97.16,-167.76,-187.97,-205.71,-457.49,-717.9,-493.66,5.8634,129.31,-81.315,-0.26172,92.083,-240.26,93.296,78.725,-103.9,158.96,76.447,876.51,903.32,366.35,-215.19,-432.83,-478.26,-293.85,6.5851,-225.44,152.96,157.67,-81.918,41.424,-88.39,-50.561,-617.86,-965.03,-410.8,-139.54,30.452,176.69,131.37,80.374,89.149,44.794,-55.476,154.61,-6.5906,-19.722,173.49,341.59,397.41,69.639,-529.97,-481,-67.996,-284.09,36.25,240.2,-182.77,117.92,-67.375,-94.142,111.37,15.727
0,26883,-1354.9,-1191.4,2580.8,1551.8,-1314.3,-1232.2,-945.78,-61.565,108.02,-82.515,288.19,97.554,260.05,-79.147,1730.3,-256.51,-219.86,109.59,150.6,-97.864,278.52,-263.55,-93.355,-101.45,-84.224,-85.585,-17.863,90.379,61.87,338.96,-1868.3,-240.91,-503.82,-155.15,-41.553,246.96,-122.04,-990.82,455.11,-602.67,-49.232,140.35,-114.8,361.53,688.23,727.36,-204.35,154.56,2.0547,-483.6,-52.333,-290.2,-95.11,295.42,-13.845,-12.423,-2.6632,-110.65,-95.07,-718.64,774.24,-1994.8,-2446.1,-158.78,-373.11,660.65,540.63,-20.275,306.14,-138.2,-243.78,-376.31,-299.18,-30.796,-299.03,525.79,-419.82,-86.696,230.48,-354.56,-223.02,98.317,-27.719,98.2,-234.08,86.627,-18.083,-73.332,-45.784,-2280.8,-1108.7,-57.851,-69.064,52.018,-637.48,12.076,177.69,421.83,401.33,-359.73,268.59,111.09,-25.618,-364.36,-1069.6,-217.85,120.39,-214.61,-262.62,-69.942,66.045,2.2677,124.24,53.316,-215.56,-87.792,118.74,6.1802,-129.56,-1888,-551.74,416.05,147.94,-799.96,356.32,622.68,342.39,-272.27,139.1,130.99,-225.38,146.32,233.06,142.59,-586.5,-759.08,-75.814,14.823,-86.953,-201.28,78.096,-45.197,-290.1,311.81,19.264,-56.66,43.398,-23.373,-177.71,-228.02,-801.17,-84.941,317.36,378.4,370.4,-181.01,208.25,20.72,142.82,-23.258,-124.21,58.543,244.1,-41.952,-562.8,-979.85,-223.74,-16.696,125.05,-61.259,-90.267,118.3,22.106,250.32,-174.18,-117.53,39.264,-3.8156,20.526,-547.83,-197.9,962.23,556.51,-149.57,124.4,297.8,11.087,113.29,63.51,-148.56,145.47,274.47,-19.322,-123.48,-853.07,-853.76,-86.697,-72.273,-33.034,168.43,266.39,-86.202,24.619,-61.354,75.438,-6.0179,159.64,-37.423,-37.495,-15.75,330.89,229.26,298.52,294.74,101.32,-198.55,-135.59,275.45,-187.21,207.41,30.518,-96.022,232.11,-27.95
0,39862,4462,-3885,3138.4,1686.7,-2180.9,-1370.2,-920.94,-197.33,115.57,230,305.85,-328.09,-39.03,-339.8,-476.4,-224.05,1.2912,-120.51,170.51,252.02,-2.0893,-316.74,-136.69,-68.055,75.001,-23.197,-115.89,-28.434,104.95,-6231.4,2770.4,-2360.1,-639.66,-79.155,386.82,96.049,599.94,-818.52,-302.43,181.19,-368.18,236.34,142.76,93.426,1366.5,439.37,-364.62,511.31,31.75,-377.95,-342.87,-108.44,50.609,281.88,163.65,50.106,-316.92,-177.86,-167.79,-3303.7,1454,-330.52,-2380,728.94,-412.04,823.22,619.1,670.12,281.41,253.91,-168.18,-751.66,-278.09,73.331,-1231.9,383.92,-278.76,21.701,148.73,-15.328,-68.502,259.46,224.17,-298.84,-120.43,-50.677,112.39,146.59,100.05,60.78,-1576.7,2272.5,707.23,-368.21,828.97,216.29,430.26,305.47,356.59,-53.837,-166.49,637.87,47.643,8.302,-691.16,-820.93,31.819,-445.68,303.39,252.72,555.58,100.64,-113.12,-147.06,148.8,105.91,-113.96,39.217,47.701,1604.4,128.28,1719,1146.5,-342.06,409.96,688.99,-270.37,44.461,-87.005,-98.525,170.64,-62.261,479.78,223.55,145.88,-456.83,431.55,171.36,183,176.84,-102.49,437.22,-22.42,30.005,42.722,145.37,85.142,2.8388,-154.23,1629.6,1603.6,410.13,1025.3,-62.944,257.42,-180.33,-378.69,-81.744,187.16,-361.41,137.27,167.7,-114.9,-333.29,285.64,366.28,157.13,162.89,75.002,340,105.88,-7.6506,137.27,87.831,-133.08,-156.7,205.58,89.422,-123.58,684.24,1930.5,279.77,105.72,-277.42,-461.95,-74.34,-279.17,-319.43,74.292,-57.734,-218.28,289.88,-310.68,-221.16,297.03,803.8,461.34,379.75,-300.79,-55.807,128.37,152.29,126.47,19.267,-84.834,18.349,139.07,44.992,-53.078,659.32,828.61,-202.33,-676.59,174.69,-732.91,-331.48,-20.155,199.91,-297.08,63.474,-104.11,-208.13,52.781,-82.593
1,42941,1153.9,-375.5,2436.8,135.39,-2774.3,-1692.9,-478.25,631.08,472.74,-1243.7,197.74,284.8,-684.08,-520.12,1561.5,-301.29,-71.444,15.673,-510.42,-209.74,113.35,41.844,-47.072,-138.85,-42.499,300.58,-118.3,-246.89,97.942,-4308.2,-1686.7,-2117.7,340.16,-654.65,892.45,981.16,603.53,-681.79,-478.79,599.23,-249.94,-74.853,589.71,282.17,-761.95,333.82,-205.74,295.08,141.21,3.1169,-188.38,-236.18,114.66,120.89,-8.0531,65.914,93.283,72.902,18.098,-1856.9,1147.7,1301.5,-1293.7,1200.1,1638.4,953.23,-502.63,466.65,238.88,211.85,270.8,17.907,-188.24,298.96,-437.47,-334.83,-333.99,14.079,152.55,-47.767,-7.5575,67.559,149.46,-40.981,-92.086,-103.93,-8.2778,54.717,123.38,486.5,-131.46,1204.5,1485.9,564.16,-867.11,-14.642,432.98,-480.87,457.6,1.1128,14.965,-173.47,-75.899,-105.05,-721.84,-139.37,541.95,252.38,267.08,89.857,20.555,28.736,146.82,75.439,38.602,-65.955,21.383,14.974,-141.26,1470.2,927.17,-450.48,-598.34,-808.71,516.79,-112.33,-285.21,-62.723,-448.08,-47.671,-362.94,-80.044,43.958,-225.12,412.79,-45.836,-115,-171.69,445.47,241.45,149.46,61.901,-308.49,-53.92,114.47,-81.536,6.0587,60.99,-78.558,290.96,393.81,55.465,-439.28,-371.82,-569.06,-407.72,-126.11,-21.766,-38.545,19.863,-294.96,-55.854,108.82,215.65,-53.902,-39.458,225.5,167.28,-110.94,-2.5154,-131.32,113.64,-50.42,144.62,-137.64,-226.56,19.163,177.07,-54.308,567.46,457.02,-622.41,-955.43,-135.14,-187.06,158.15,143.77,-508.83,-2.6685,210.81,263.78,-122.25,250.02,123.23,261.24,221.94,-242.96,-106.42,-66.536,20.57,58.388,-134.35,-175.9,41.527,134.95,-210.95,17.604,71.457,-100.08,-264.21,263.04,180.66,-642.69,-390.58,344.92,-114.77,45.534,231.26,147.11,74.75,6.4426,294.4,145.1,59.638
1,40398,3495.1,-2604.8,2462,868.79,-1907.2,-1039.2,-315.4,623.09,204.95,388.7,-560.7,-534.93,127.86,-266.13,1060.3,-997.18,-18.243,779.53,-7.9468,-323.45,57.743,-38.225,-42.474,38.598,90.498,-222.64,67.078,-105.41,145.08,-8885.8,638.24,-3861.7,-358.91,837.54,387.8,314.88,425.57,-800.36,161.37,-106.21,-347.61,878.51,-80.175,244.37,67.668,-458.62,-458.04,909.94,297.96,-2.4492,-145.47,-15.54,-66.718,31.554,223.56,-86.396,152.22,-96.785,109.13,-4762.5,2167.2,-570.46,-2150.9,1223.4,460.28,634.93,2.5784,30.994,-370.98,891.56,-391.57,-56.247,588.99,317.27,-540.62,-327.87,-927.55,618.24,136.46,-159.53,22.293,163.87,-91.285,2.8383,22.603,-92.918,59.671,150.06,84.947,-619.56,-360.78,838.08,-281.72,1143.9,-482.59,-61.77,-286.93,249.65,766.27,-69.179,192.33,-231.14,58.6,46.22,-815.37,-519.31,-480.87,449.31,466.12,-263.14,-34.966,132.6,-84.856,36.815,171.28,-51.941,-76.605,73.904,35.052,1465.3,-85.816,87.227,-512.76,-244.64,833.48,-172.67,388.14,-210.34,-53.95,-186.63,391.6,181.81,427.62,-135.93,-81.32,-713.23,-514.11,101.68,640.04,-145.41,203.3,9.5273,-106.31,-59.906,276.1,58.253,21.136,15.857,-7.7898,222.69,392.99,840.21,-80.212,-313.33,398.59,-531.14,-4.0207,572.68,-101.25,-20.697,94.626,67.74,107.46,1.5785,-11.891,-741.35,-29.633,-100.98,528.63,-115.55,-11.533,240,61.417,-153.42,169.76,113.99,29.1,196.74,-5.5617,819.19,326.8,168.06,286.48,-304.92,102.49,124.27,-6.4597,-31.553,138.01,75.873,211.52,-79.673,-64.792,-39.42,312.96,-426.31,-221.46,80.484,256.47,-12.887,-0.23169,316.12,26.387,-94.025,188.8,195.15,10.465,95.149,-22.916,-185.88,660.04,761.38,-205.37,-541.58,554.79,-157.97,-114.29,369.28,4.0941,-192.62,100.3,-2.2839,5.9816,122.53
1,23457,-1256.9,12.005,-34.263,-191.31,-622.63,-218.14,-256.82,-139.61,-26.05,-171.6,47.58,203.71,-306.58,21.24,-1983.7,-271.62,-51.731,-62.362,-287.84,-220.11,-101.23,-7.0991,-151.91,-19.483,7.6923,-94.27,50.545,-29.654,-32.107,3554.9,-2250.6,565.38,-294.16,151.96,865.14,840.64,-261.13,504.01,-172.06,332.84,46.611,304.41,212.74,-10.885,-274.31,-382.52,398.37,54.543,156.22,79.173,134.81,53.905,118.08,13.091,-4.9935,70.522,24.605,57.916,-28.574,2701.4,1274.4,887.25,-292.74,154.59,227.13,727.98,21.743,213.55,-53.397,33.438,-21.006,-14.648,-270.63,177.8,100.08,-496.27,519.96,-415.22,-38.231,-31.04,137.64,3.0742,54.659,-39.264,-31.44,98.524,-4.7327,12.332,17.282,1752.7,1414.2,-518.18,616.92,106.19,-513.24,-106.05,-252.21,-186.42,-40.73,133.17,-365.14,-33.714,1.2544,-383.63,389.69,-37.616,228.63,121.52,-19.395,289.04,64.628,8.4977,-6.3677,159.67,127.17,134.43,-2.9478,56.352,-38.883,1116.1,1488,-680.77,-285.21,-79.454,-814.56,-61.298,-44.611,-163.9,-278.54,-167.71,-172.5,-58.593,71.465,-22.889,168.68,589.35,-118.5,379.71,-191.67,268.15,36.216,10.122,-7.5315,55.45,27.099,19.268,-25.553,-37.088,-36.141,140.54,485.6,-164.54,-613.6,121.81,-690.02,-554.41,96.818,-236.51,97.153,56.525,-47.758,-241.47,4.0161,139.67,-98.627,570.72,-1.5297,118.77,-78.828,-126.28,-104.06,4.0339,-139.31,13.619,-70.393,-95.995,-134.38,-76.935,3.629,200.04,-336.61,-414.62,-186.63,157.62,-196.54,-431.78,159.19,143.28,41.822,178.17,-34.045,13.849,198.82,177.22,333.16,137.96,-15.077,-215.64,164.76,-382.6,-29.382,-93.552,-249.9,-60.798,33.77,-195.56,-93.383,-20.439,-54.962,-381.91,-674.45,41.119,123.98,69.789,284.39,-237.13,-62.544,340.32,91.741,60.217,125.38,-49.116,67.815,161.37
2,45511,3276,-2172.9,-2143.2,-625.33,-6089.2,678.65,-487.5,-49.254,-244.77,-556.04,-610.32,391.65,330.85,-542.15,2785.8,219.94,-219.85,77.048,756.91,-93.622,-342.54,-515.53,-566.52,-236.86,-562.71,-192.66,-4.3696,-26.89,161.55,702.27,-1861.2,-3364.7,-3124.4,-550.39,508.93,-176.45,-1734.3,-13.423,274.49,-354.72,1302,-627.59,-241.82,493.7,-964.61,634.34,856.95,1058.4,115.61,-274.53,181.24,-225.68,15.077,-137.99,-41.877,186.08,-222.85,-30.461,142.63,641.03,190.69,1377.7,-404.45,-580.6,1960.9,-323.94,1012.8,-72.222,33.65,722.73,-269.02,92.362,26.042,62.355,153.27,542.06,-279.62,348.47,164.15,40.598,-377.57,-124.15,329.29,-339.29,-66.128,-204.94,121.59,115.59,-82.358,-486.27,-91.132,442.21,978.5,-84.144,154.02,-859.44,613.47,80.693,-440.17,45.938,-707.22,215.2,-122.66,-325.88,202.34,204.69,31.327,-60.542,-132.03,77.099,85.017,151.6,62.393,-180.52,331.59,-62.449,-24.102,-22.47,-86.652,841.27,94.654,-521.6,-87.825,-133.78,594.83,-144.74,-428.57,-367.25,-177.51,302.85,-142.81,21.954,-335.8,227.31,6.2758,5.7231,142.93,248.19,71.748,399.11,70.794,132.67,222.78,103.09,70.296,24.934,68.728,18.406,68.195,160.02,-92.952,-35.003,514.23,39.346,-249.5,-74.421,141.78,494.19,15.145,-27.44,-59.027,65.422,375.87,-77.112,-36.085,10.063,147.57,213.17,-124.92,-206.76,31.827,169.48,-81.88,-164.97,-136.83,31.324,-91.581,16.139,-15.801,-95.541,-30.246,131.6,209.75,-73.983,-155.38,261.84,-33.417,-59.564,19.63,-96.076,78.908,-206.38,99.766,-146.67,-53.923,-48.848,-446.96,-326.79,-10.514,-38.256,-44.66,-225.71,-200.04,-19.747,-23.198,125.24,-166.6,-139.45,-88.198,347.62,-25.71,-41.568,-178.16,-52.742,221.69,25.315,62.053,-393.88,114.96,57.251,57.992,-10.984,-157.93,0.12284
2,26872,2859.3,-239.57,2176.6,1132.9,-1526,-525.9,-249.76,649.56,381.24,-683.48,594.41,257.04,175.48,125.27,923.33,-144.31,-877.65,450.37,403.54,302.21,45.932,-219.71,-90.399,50.711,-104.86,-169.66,-170.36,-57.396,22.842,-2623.6,1929.6,65.211,658.86,219.39,1277.2,98.351,710.9,-374.71,19.496,749.65,-569.96,299.32,439.02,-125.89,1474.8,-629.46,-847.63,411.72,199.71,111.49,-94.854,-108.45,-58.52,-131.23,-14.458,-159.34,-79.176,-93.52,-224.82,-123.74,3443.4,1872.5,-270.36,880.88,108.06,892.45,-413.37,275.15,191.91,189.59,409.61,-267.38,-330.03,410.53,427.98,-366.76,-744.63,228.54,396.88,103.19,-38.234,-135.08,-61.338,7.5176,-56.061,15.47,-107.1,-93.207,-70.03,885.07,714.9,2569.6,1110.1,145.76,-836.85,-459.93,-34.893,-222.03,-10.877,-109.66,114.17,269.48,237.4,-209.39,193.61,-323.05,-340.83,317.17,330.95,163.27,-31.804,-28.424,-27.086,108.32,-55.598,-111.14,-43.545,-50.92,-48.37,1830.3,244.2,493.83,-708.85,-1264.2,-18.362,-578.29,8.935,-125.47,-331.85,-108.29,-91.072,29.917,76.778,229.7,8.281,-37.801,-1.0333,280.24,131.83,106.24,-172.56,75.103,-0.37899,-42.816,-67.63,-87.868,-151.92,-127.65,-73.795,1082.9,-51.708,-202.13,-595.22,-1049,-79.89,-356.02,-261.44,153.8,159.07,-18.014,224.92,33.805,-111.98,16.607,134.79,92.075,183.31,-50.036,-86.5,125.26,-72.608,-152.96,-42.056,-148.92,-121.63,-38.726,-13.214,-143.14,-31.403,1137.1,95.942,-864.45,-346.39,-558.07,222.44,243.91,37.185,43.079,-142.13,205.83,223.62,96.603,5.1217,28.907,387.38,14.986,120.88,-135.87,-182.74,-62.128,-37.323,-62.812,61.396,-226.46,0.80607,-68.028,83.196,-19.918,12.965,454.97,275.18,-760.5,-209.09,-141,180.11,273,-178.81,111.39,-114.15,-76.429,24.067,-47.756,-29.146,-52.05
2,34784,3090.1,-1375.7,2225.7,983.43,-1157.3,-1549.9,-197.17,-483.07,597.85,-308.54,-91.952,260.97,-419.57,-159.65,2485.8,356.41,-185.19,941.68,90.826,-146.88,-291.15,-134.7,-314.83,-132.59,-138.47,-40.573,89.919,-151.61,-106.05,-3722.6,2113.2,-739.06,-175.64,92.075,1139.9,755.91,-338.42,476.41,-960.71,478.62,462.74,-328.31,152.58,144.15,816.75,-194.18,-440.73,-161.76,433.47,-330.92,-0.19119,103.51,179.57,-263.62,125.79,-21.565,-65.097,104.06,35.057,-1464.9,-53.413,2325.7,-1253.9,1627.2,253.41,555.72,433.32,-90.283,349.7,-93.12,167.83,129.69,-252.29,-139.25,-173.07,-440.5,-569.76,-803.82,789.22,194.21,221.89,218.02,245.96,248.83,-79.074,255.25,-11.502,-42.454,-0.17741,-78.31,-2908.2,4395.5,1824.5,194.43,-78.426,-1026.8,189.38,-501.11,413.12,-113.98,-85.418,209.24,-16.266,-219.52,-904.61,-320.38,1227.6,601.35,398.93,691.51,-142.18,171.42,-342.64,281.18,-2.6355,108.04,148.42,-137.17,-121.35,1815.4,-466.41,536.47,1217.5,-1850.1,257.38,226.36,-393.67,-291.52,-400.65,95.062,-184.83,-377.03,333.99,296.62,-88.539,-198.38,573.73,867.78,-127.27,469.97,-119.08,-324.73,-151.32,-412.24,188.89,-290.85,-194.97,50.663,301.35,1709.6,-95.757,-927.81,824.17,-965.59,-936.58,212.51,-266.57,378.67,81.118,6.4454,-379.19,291.05,76.643,-187.9,325.43,-680.54,224.73,685.69,-658.71,-132.71,-132.8,-319.42,60.4,-77.261,-54.193,-53.662,123.47,14.476,-118.79,905.39,609.11,-902.32,-892.28,-62.156,-661.74,603.76,75.542,-27.315,53.453,-236.36,301.94,-25.641,283.56,66.073,193.05,95.049,107.71,194.3,-448.38,-298.2,185.35,15.11,-105.03,259.97,105.89,221.92,-99.723,387.57,0.059666,846.76,342.12,-781.73,-1069.8,717.67,-210.41,-126.46,291.83,-264.94,191.85,-171.86,52.11,-15.271,1.893,228.06
3,41609,174.89,-500.25,927.39,-662.31,-2632.7,-678.53,18.473,-458.01,-88.309,-621.89,203.64,958,-700.2,-762.3,1577.8,-317.26,153.15,56.294,-940.82,126.04,224.69,-21.392,-289.27,-20.624,357.96,196.51,-383.26,-342.05,149.94,-5038.2,-1529,-1127.5,1983.1,-957.43,1843.5,474.47,1043.3,704.72,-389.66,692.06,555.55,-574.68,675.29,657.01,-1494.7,-4.0549,-212.83,-433.8,569.16,223.35,-189.61,1.5813,68.193,-134.25,50.473,-536.21,853.47,450.8,-229.2,-1680.1,2672.4,1706.4,-1201.5,1021.6,1301.9,349.51,-1394.4,78.848,548.47,-192.53,-1374.9,-263.94,-97.227,-89.565,59.267,-222.87,-158.14,661.46,508.64,-141.38,101.98,350.78,403.11,145.2,-588.07,214.96,-222.82,37.924,97.771,-538.18,459.11,776.43,128.54,-115.66,-1593.2,-221.37,-524.93,-656.43,-479.92,-376.63,791.42,-12.973,-324.42,-6.5571,-85.394,-63.076,873.89,382.7,-18.031,114.38,-505.75,-437.09,-188,-87.597,417.41,-215.85,-437.61,-166.82,-369.22,1123.6,94.176,-516.02,-1387.3,-876.58,274.64,99.617,375.57,150,102.12,486,248.7,259.18,390.9,-31.844,16.452,395.84,-352.81,-598.4,168.11,-681.04,40.045,-26.514,-447.08,111.55,-312.7,192.24,213.08,12.797,317.91,267.12,217.86,-568.66,-587.53,741.91,-120.74,-48.983,309.55,311.2,827.47,-137.37,-97.88,-274.18,-50.468,102.87,151.3,88.711,-199.45,136.56,-289.63,-292.9,18.13,200.74,571.53,138.03,6.466,356.51,-40.284,249.08,181.14,632.08,193.94,-992.85,-289.18,807.11,390.78,7.8625,294.94,-161.5,-221.04,-162.21,-197.69,-50.442,-97.735,-222.63,183.73,273.58,-237.53,-251.4,-83.345,169.91,145.74,220.35,121.18,-50.76,215.1,-47.526,21.343,-172.6,-276.99,-186.07,16.77,-127.16,22.209,385.81,129.2,-217.9,5.7698,-187.55,-116.32,-147.71,-279.11,120.83,-59.737,196.45
3,24152,3442.5,136.35,1637.2,489.93,-965.12,-607.09,215.15,-86.842,75.105,-208.14,-166.71,-43.405,274.87,60.156,-2613.1,-630.24,67.369,-22.25,-207.08,30.517,70.559,119.83,-137.93,105.73,-130.57,42.095,-7.5848,60.02,-137.3,-4593.3,1601.9,405.86,422.2,850.1,635.86,509.59,-121.18,56.718,10.348,297.76,137.81,-26.301,154.92,-173.4,-1414.5,-490.11,18.339,-22.714,147.81,171.51,-49.933,127.35,-78.337,144.27,-89.485,108.39,-123.55,128.09,50.512,-1.7964,1791.1,2979.1,-1144.5,135.1,264.14,476.24,160.97,-76.589,512.95,-329.66,403.04,-142.52,-313.28,-193.18,-945.36,-9.0537,336.15,465.92,99.059,281.99,106.75,266.79,-48.079,129.85,63.929,125.91,-61.84,17.885,10.184,1533.7,125.06,1592.6,-279.89,217.72,52.575,-511.3,259.46,-622.76,-106.8,-133.04,-199.94,62.994,149.16,65.737,-370.82,93.496,766.56,681,516.37,313.07,175.96,184.61,50.456,85.38,-36.722,152.33,39.019,143.8,-64.246,2822.6,-637.82,81.098,-313.31,-1165.1,-173.18,-110.74,-213.36,218.36,-261.6,-290.06,-8.8898,-251.22,150.26,272.37,-482.81,319.46,1305.1,332.63,484.42,129.15,55.608,183.31,-193.92,23.258,-215.04,-23.999,-138.08,18.978,-117.64,1472.8,137.75,-873.98,-612.71,-504.55,39.206,-70.175,-148.53,-173.49,77.097,71.557,246.39,91.391,-112.94,-268.74,-187.95,223.03,739.43,236.28,-9.5722,-48.196,-334.89,-175.19,-288.19,-147.05,-295.21,-98.593,-254.67,-102.95,-69.718,1126.7,38.997,-1372.5,-176.89,349.53,38.43,35.485,135.97,39.146,72.787,54.54,226.6,-80.867,72.622,-24.911,-159.54,322.39,328.46,-88.691,-586.84,-232.73,-289.33,-287.85,-346.68,-178.88,-136.4,-121.28,-72.314,-33.979,9.1176,286.28,-319.65,-301.27,13.783,670.26,-8.6157,128.05,105.64,43.139,241.91,-83.529,-41.686,-156.63,-8.4943,82.254
3,25264,128.04,-325.16,1407.4,6.0783,-377.35,-1000.5,291.78,-463.3,488.98,-321.92,-73.836,44.097,98.469,-165.26,-4156.4,-555.4,277.84,-13.22,-375.52,34.324,-100.14,107.63,79.968,-94.34,43.597,-111.31,63.434,-112.04,-28.785,1944.3,-1897.9,-429.94,904.49,155.36,1370.2,258.83,-184.37,179.62,30.727,100.17,321.05,-197.61,46.313,184.07,-1529,-486.58,281.83,-93.951,-146.01,67.734,-52.346,170.43,-49.667,191.17,-171.4,139.53,25.254,126.03,-47.325,1865.3,1362.5,862.16,-323.71,173.59,130.17,465.78,58.67,-4.506,90.681,21.674,-63.565,-3.801,-310.6,-127.92,-462.73,-130.7,380.58,201.18,174.32,121.58,153.63,111.13,-23.072,243.52,-13.098,145.62,-92.98,97.26,2.4371,453.43,1174.1,30.884,262.62,232.46,-963.41,11.273,-454.23,11.143,-500.09,177.47,-243.37,158.64,107.88,24.24,169.02,227.46,309.18,264.12,680.78,35.402,286.92,-125.57,120.59,-9.0737,64.119,-21.001,-37.978,-2.8083,-93.294,-51.357,1144.4,-463.54,-1058.3,-644.63,-979.1,29.577,65.48,77.211,-245.32,-192.07,-143.54,22.82,176.6,17.427,-69.896,418.04,335.7,46.89,376.89,-222.56,149.19,-404.08,-39.508,-318.88,52.63,-304.68,-81.173,-130.76,-15.543,-368.01,750.3,-511.88,-1074.7,-511.16,-121.75,-163.96,273.49,-89.1,244.83,111.7,209.48,6.6456,-92.984,-96.854,-74.011,313.17,-363.43,-136.82,-141.68,-327.33,-367.28,-290.36,-239.91,-372.68,34.445,-207.32,-0.77314,-130.09,109.06,54.457,155.46,-620.8,-331.78,-45.95,379.71,63.891,349.04,143.71,79.825,119.02,93.093,68.013,38.203,105.94,-210.34,248.07,-376.88,-396.65,-640.74,-135.11,-318.97,121.09,-272.35,-9.4545,92.395,108.52,56.77,51.569,143.52,-250.12,-272.6,-4.119,155.1,121.45,493.89,59.886,-55.729,236.73,19.595,8.9484,-170.76,-33.326,-62.407,-14.726
3,34860,562.05,-771.98,1657.5,916.69,-1625.3,-1877.4,-136.78,-229.6,506.33,-273.17,-270.8,231.44,38.695,-274.74,596.29,-86.702,-700.48,-97.871,-537.28,-732.36,-102.93,321.02,179.25,222.7,-73.699,-104.11,72.491,-52.115,-303.23,-2176.2,803.93,-756.7,900.23,58.384,494.53,649.13,-276.63,285.96,-226.78,641.74,239.34,-405.31,158.06,329.22,-79.739,-506.84,-1392,20.799,464.89,-145.36,-187.88,92.765,-133.11,-33.67,124.2,-221.55,-118.45,257.02,191.47,-2359.7,2243.8,1007.4,-233.95,1135.1,517.84,326,669.31,137.57,412.61,-301.58,-156.5,318.36,-117.88,-154.69,-941.18,-720.06,-440.49,136.96,903.96,642.76,516.83,232.23,480.65,162.82,17.734,219.53,125.14,-191.37,22.836,-1351,-833.47,2984,814.13,-26.035,-160.65,-227.08,-49.137,26.505,-74.703,-240.3,-220.14,189.09,-29.547,88.36,-1232.3,-207.68,1745.8,1537.4,1465.5,767.9,203.76,53.702,9.341,60.865,267.08,251.52,84.652,-24.207,-162.4,519.1,-119.01,372.18,-283.84,-821.31,-128.22,163.99,-119.35,-24.253,-314.38,92.917,126.03,-174.08,59.645,6.7465,333.39,142.25,1667.3,1038.5,624.76,242.18,-345.7,-293.84,-246.73,-350.29,-319.3,-387.43,-217.89,159.02,40.294,354.93,-176.55,-461.54,430.46,-94.597,232.09,-224.77,-89.121,295.22,99.694,-128.24,149.87,21.116,62.996,-232.51,547.42,817.74,607.33,-58.748,-644.32,-387.95,-618.98,-443.25,-412.69,-339.68,-293.47,-66.31,-226.43,-124.64,114.05,-543.55,552.65,-474.44,112.4,174.64,270.23,142.51,83.152,-232.69,-82.53,-76.084,-52.146,-314.52,-153.63,217.43,615.12,939.44,-382.29,-521.66,-809.13,-296.31,-114.13,-229.24,-128.65,-216.32,112.87,336.65,193.72,78.841,158.78,-14.965,163.65,-273.09,-131.03,345.56,-132.94,-384.16,-175.07,106.21,-161.34,-202.44,-176.94,-154.68,-76.088,129.74
4,22242,-2025.8,-579.6,-1580.5,-808.21,-853.14,-53.498,-310.85,587.69,52.048,-211.5,194.66,-110.1,-104.93,157.79,-3525.1,-1083.1,-1086.4,435.43,-504.33,184.86,-715.09,331.08,-249.74,151.74,-20.505,-346.85,37.833,103.81,4.6002,6557.8,-1617.9,930.55,-580.07,-0.2549,573.15,605.26,-460.91,275.78,-329.69,-8.2753,314.31,-122.57,4.5997,235.23,-2517.8,-535.28,-499.64,44.133,-17.999,-54.92,-432.73,-93.024,-276.11,116.44,27.575,-201.63,34.534,-58.426,-130.82,3973.1,-125.38,721.93,-449.95,-152.4,548.56,161.79,-476.69,-155.66,-254.44,-62.836,506.47,126.66,-272.57,-119.67,-1861.6,-486.88,-115.48,-325.44,267.21,-191.26,15.29,-203.18,-242.78,-90.507,60.107,-85.58,-38.031,126.78,-55.904,2373.3,486.95,-236.3,449.09,-383.57,392.43,-268.71,230.8,-344.13,-114.67,-115.52,-21.86,-14.172,0.30691,234.3,-1052.1,-295.85,100.22,-479.72,269,-221.74,340.02,-488.8,20.73,-198.53,-160.43,63.06,-39.974,126.45,18.337,1496.3,866.29,-527.03,523.87,-568.59,137.62,-320.7,151.72,-123.95,-60.78,-97.902,-189.2,4.9688,-90.662,86.262,-863.4,-92.763,51.955,-559.73,91.819,-168.82,335.32,-447.35,-114.48,29.354,-69.116,250.55,75.36,74.043,-32.992,771.54,698.13,-478.51,129.04,35.233,-17.718,-327.77,-6.5934,-383.17,-50.236,92.556,-113.69,275.4,-18.719,-70.854,-268.4,188.51,-345.55,-109.46,-87.925,-35.92,146.98,-254.78,147.55,-42.891,33.935,168.22,-90.988,-6.4168,76.761,769.14,298.38,-498.44,6.8938,332.26,-433.82,-284.08,-15.592,-252.4,-82.342,146.87,-197.72,46.572,140.59,-149.91,-170.86,448.74,-55.816,-175,-398.47,61.136,176.52,-11.137,54.535,18.514,-172,88.499,94.062,-43.19,163.53,760.94,62.192,-378.82,-396,230.51,-582.7,-210.47,187.53,-117.11,176.55,24.377,-331.96,-125.7,166.67,-101.05
4,30643,-2764.3,-3167.1,-1158.4,-1698.1,-1962,-1219.7,-392.29,820.07,835.58,286.77,-99.6,-340.21,-203.42,-131.25,1878.9,-1259.5,262.21,-458.51,-778.46,47.451,42.894,503.87,524.2,653.58,-5.3531,-75.954,13.108,-136.48,-199.51,-2228.6,-1600.8,1029.1,-16.019,422.56,1815,354.75,-203.31,-478.93,-187.83,-219.98,-24.272,732.47,203.36,-124.43,-293.2,-294.03,809.43,-24.488,-397.81,286.07,12.95,-511.84,-298.98,-70.047,-118.34,9.7804,150.91,20.759,-65.61,-341.84,-274.71,876.27,-757.47,-240.64,541.06,829.65,-310.96,-78.805,-419.59,-300.87,-28.876,141.2,316.61,32.032,-53.885,-196.06,-100.1,-43.552,-359.01,230.34,110.77,-463.94,-465.59,266.36,-203.5,-9.3744,16.182,52.907,-37.252,-395.49,-57.123,183.89,1084.2,-196.45,143.72,53.464,177.05,-72.409,709.6,132.35,10.663,62.107,-160.64,-396.65,-549.81,-3.2625,521.51,144.26,-349.81,327.28,-23.793,-252.27,182.18,49.562,32.439,-272.03,-106.65,-72.202,-65.645,359,662.66,-230.77,305.42,-106.94,219.22,341.23,58.077,98.124,-445.13,-238.97,-541.67,-144.89,2.718,196.74,-329.57,15.947,412.18,-235.19,103.19,163.34,388.65,-301.81,-128.98,142.67,-303.69,-99.069,49.947,-106.73,-20.475,-125.42,895.72,695.3,-649.75,-194.35,-386.23,16.638,-322.18,200.73,24.464,-67.894,-64.1,254.3,-110.06,148.63,-175.27,-33.126,192.03,-109.7,-227.62,338.04,-515.19,-29.496,-212.84,146.95,-2.9205,-30.47,117.35,76.151,127.16,812.83,456.35,-119.92,-43.382,-146.84,-261.28,-186.91,-31.361,-100.9,12.238,161.22,50.355,94.936,76.388,-145.92,-531.99,91.344,320.84,-127.7,-192.99,183.3,-202.68,-83.176,181.28,-1.6696,0.6489,38.477,133.14,55.008,43.085,-126.84,170.34,726.22,-40.32,-192.59,-412.29,-225.25,81.746,398.24,130.24,-150.52,19.018,-43.745,-41.854,76.786
4,23059,445.31,-2979.3,238.76,-1187.4,-865.8,-1079,-1379,525.82,-2.3694,-543.64,447.94,58.008,-128.84,416.73,-2590.8,-471.35,203.86,-125.98,896.99,-1189.6,814.48,395.75,-1378.2,570.36,121.64,-289.56,43.133,-409.45,-35.683,1286.4,-1862.2,-768.83,1682.4,-691.36,1720.4,743.81,-1053.2,1319.2,-46.149,-443.06,206.41,-145.26,180.16,442.17,-1809.2,-291.37,83.435,475.02,584.46,-816.45,790.19,59.129,-1169.3,589.64,74.072,-35.955,-23.102,-427.32,-201.55,866.1,-144.36,126.61,485.77,-498.3,390.1,481.38,-291.43,839.59,542.37,-464.75,462.86,394.81,44.501,121.9,-1385.9,-710.32,-744.96,260.67,-197.16,-338.24,578.83,-38.134,-718.93,183.94,95.006,271.52,-198.4,-168.04,51.854,1088,-647.37,-1008.5,531.28,-236.38,219.28,-18.05,254.31,171.69,-151.33,-254.43,-214.33,211.87,300.1,235.24,-468.39,-437.63,-491.65,804.32,-76.342,-197.94,285.5,-590.82,-240.84,16.339,-183.59,290.05,-263.57,-197,80.864,507.88,-190.87,-385.03,247.68,-171.76,-248.12,228.56,152.15,258.9,269.01,21.516,-393.54,301.33,-178.6,-143.24,-282.68,-938.6,-210.89,276.94,-272.18,-24.962,350.49,-488.45,-60.613,-13.384,51.311,358,-330.89,-9.6288,-42.822,47.552,177.87,-155.48,-138.34,143.01,39.076,183.09,505.86,-195.42,106.17,-53.663,-357.15,347.67,314.08,21.084,540.73,-488.86,-320.95,260.39,199.9,15.754,125.98,-164.29,254.7,1.6683,10.245,113.65,-269.57,242.03,60.975,282.74,36.512,-387.79,223.45,21.187,-56.401,162.03,212.95,-110.12,-116.33,11.921,-60.767,33.85,353.31,93.572,70.281,-52.875,73.329,-99.284,-87.338,38.754,93.127,-22.739,-206.11,-141.29,117.73,-29.55,-24.57,242.94,-164.05,-122.85,-330.48,145.88,-68.888,5.5525,194.59,122.47,13.824,-120,193.69,166.47,25.755,-53.333,16.846,71.223
5,29210,77.693,234.79,190.1,-320.81,-961.76,-615.55,-302.97,-137.42,-311.25,23.577,-138.58,-167.58,-112.64,-154.49,687.7,-1148.8,-348.03,-92.036,119.32,-182.59,240.71,140.89,206.48,300.91,-296.76,-298.74,254.09,-105.95,-98.052,4492.3,-1554.5,-460.62,-158.68,161.54,1070,509.68,-108.97,18.312,-292.6,453.74,531.09,-350.49,428.39,232.57,-259.69,82.083,-408.08,102.33,-25.253,-116.59,18.915,289.12,168.34,363.68,-275.57,-187.47,329.76,-111.71,-72.897,2527.7,1155.2,-285.13,143.97,148.09,641.41,155.25,-19.198,-582.52,54.344,306.52,197.65,-228.57,-71.711,252.61,-223.87,479.3,-107.61,-269.65,-203.86,-340.38,-118.92,210.19,262.37,-56.493,-154.63,-145,213.64,-0.57102,-174.05,1627.9,1273.4,-62.381,835.6,535.46,338.31,102.47,-118.16,-141.35,-277.42,307.59,84.304,97.374,82.905,-144.86,-156.36,222.09,455.18,-547.41,-176.08,-336.83,-265.46,189.2,320.06,52.197,-176.83,-20.36,36.898,-4.7946,-24.41,636.89,1152.7,602.01,323.53,328.33,-165.59,24.126,-62.164,-317.77,-76.69,17.617,25.461,-93.814,-109.02,-11.204,-91.997,-210.25,517.93,-608.36,-205.35,-134.56,-467.82,223.53,288.96,46.803,-29.456,-51.554,-60.974,40.651,-27.627,275.37,610.39,954.12,-3.4215,-30.909,-220.87,-175.8,-438.13,-340.08,146.75,95.138,-150.9,-15.787,-174.38,111.25,-399.13,-545.17,77.77,-417.78,-371.46,55.161,-327.92,181.87,243.43,-121.34,-212.62,-21.088,-126.27,23.394,-37.385,453.16,-13.395,305.67,271.52,-321.64,-514.99,-76.337,-261.64,-178.03,132.64,-126.87,86.149,12.383,-46.345,56.894,-806.28,-439.22,-346.17,-89.914,-46.784,86.664,31.402,184.91,80.566,-64.014,-89.276,-110.3,-49.86,6.765,-23.351,-201.54,-87.914,147.43,150.26,-568.9,-210.77,140.22,-248.85,-185.04,316.85,44.323,57.286,17.554,-146.92,146.13
5,26750,1577.7,228.26,931.6,171.84,-818.36,-976.35,438.08,-225.36,132.95,-402.57,-156.97,163.72,-12.217,-225.03,-741.48,-916.86,98.02,488.72,-203.69,309.42,-25.063,-108.27,203.22,-144.07,83.198,51.265,-58.032,199.24,-44.308,4566.7,-1405.4,-1172.9,-396.45,-525.23,607.08,527.41,-50.278,251.7,-231.18,141.13,-210.76,105.71,-202.14,389.34,-786.86,-868.37,201.71,422.48,-60.431,183.09,-17.461,-180.06,245.28,-159.07,72.868,22.05,-18.058,190.81,-113.52,3363.9,19.416,-494.68,-443.04,508.94,432.83,289.54,392.35,-630.41,666.45,-54.918,41.521,-89.983,-172.64,270.94,-814.14,-861.42,93.577,20.668,-104.65,187.98,16.136,-58.928,56.454,-154.17,123.49,8.5061,-83.072,176.15,-103.59,2151.5,610,-256.02,690.78,202.9,647.49,235.55,-92.203,-56.838,314.52,-187.05,55.509,486.87,-198.44,79.143,-865.29,-538.31,170.68,-82.421,2.4056,338.11,-96.759,58.831,-30.691,-40.686,27.944,34.31,24.478,50.838,-73.985,1796.4,1553,-591.67,461.25,740.79,-225.29,486.6,372.27,-155.35,35.738,32.556,216.01,-82.986,-44.086,58.331,-530.53,-211.44,31.18,-91.708,187.35,229.66,-85.544,245.96,-21.066,-73.758,104.49,-6.2615,66.437,-16.597,-70.515,1165.5,1707,73.628,326.21,337.93,-139.11,76.441,-151.52,-270.34,351.74,-120.47,-28.588,-186.58,9.1915,199.7,-460.15,29.692,252.41,-278.59,150.55,250.75,-10.029,152.86,21.333,-108.05,117.09,-38.828,-32.69,-53.497,-11.505,1246.4,1300.2,-86.943,159.4,132.83,-544.95,-262.04,-102.04,-40.183,-244.78,-204.17,-25.703,-21.982,22.571,-97.694,-14.795,232.02,276.55,-193.92,293.42,40.937,-4.9355,142.45,13.432,-127.29,-59.981,-56.786,-43.193,-2.2196,-74.856,859.55,404.21,344.62,-253.36,-398.14,-429.77,-149.86,-160.76,-2.7606,-183.56,35.958,92.408,-120.7,28.774,96.36
5,26136,907.38,-68.261,473.06,1982.5,785.41,-759.24,-140.51,-465.51,23.331,172.91,81.69,-69.063,-487.24,-651.23,-1247.8,225.73,-228.25,-424.5,-144.12,3.0773,186.06,-88.451,234.45,0.72382,-135.4,-43.321,205.23,175.76,65.923,2882.9,495.03,-221.73,13.745,-686.8,273.6,-47.32,-855.15,550.57,-578.7,-36.15,156.04,213.25,232.1,306.44,77.802,-87.782,-402.6,-137.02,193.31,-6.6316,146.78,-89.675,3.3319,-94.964,-65.703,-143.27,-140.31,-48.637,113.94,411.32,243.28,184.01,-1774.2,176.1,-307.53,-332.83,77.694,-149.47,-6.9502,-70.87,-151.42,46.586,518.47,250.95,-671.15,-337.77,-64.19,37.552,-234.21,-128.24,233.12,-215.95,154.51,20.375,49.933,31.498,-135.79,-35.327,-37.999,-461.67,-1579.4,1060.4,-823.08,-731.2,330.3,95.044,33.384,-247.13,335.06,177.58,-34.101,41.399,-16.98,-21.365,-476.48,-192.18,-116.15,-257.47,-314.26,-69.271,135.78,223.72,100.03,140.38,27.094,-4.2095,-94.029,125.14,-118.41,-437.42,-876.11,184.53,-944.46,-102.52,409.82,-317.91,429.69,102,-20.322,-11.177,-3.022,-175.17,-11.074,-36.741,-89.803,-121.68,35.87,194.28,-146.06,119.66,214.91,60.229,86.416,48.654,25.772,127.04,-70.244,52.812,-110.77,-338.85,-680.09,-78.333,-422.95,-648.57,343.15,7.5045,488.84,22.668,-70.371,-110.67,-111.3,126.82,50.616,-116.42,137.8,26.412,184.71,172.57,92.516,35.425,67.865,68.719,71.178,99.623,-90.115,-36.021,105.68,10.737,15.233,-593.35,-173.64,-255.62,-298.86,-262.12,346.65,-13.476,303.71,156.87,-85.557,89.683,-152.86,81.981,166.94,-35.074,242.6,100.54,107.32,200.85,209.58,-0.51733,-216.17,134.11,84.824,-33.847,81.872,-64.728,-73.502,59.886,58.068,-600.95,-99.037,-451.37,-10.397,403.6,24.467,-110.36,52.49,352.71,-51.859,-28.596,-195.17,191.02,-34.955,-70.563
6,29131,-1456.8,-557.06,690.16,1145.6,-1346.2,266.78,-427.43,145.2,82.543,-273.57,522.99,-367.29,-294.36,-179.33,509.19,-1402,-197.43,-322.4,-584.1,775.62,-637.81,487.31,-154.17,-8.7329,301.26,-330.01,172.67,-100.5,256.08,3389.2,-2922.7,-155.45,53.564,1457.8,912.62,1479.2,33.063,146.88,169.55,81.811,334.32,43.842,657.32,-29.717,1775.3,-865.22,-180.74,-15.401,-1044.2,702.12,-529.83,500.47,-178.13,-12.381,302.51,-375.75,165.98,-249.25,109.19,2929.6,588.18,1664.6,-94.848,1565.5,544.45,1155.8,70.03,940.19,181.01,-545.15,593.98,-50.091,-14.22,-13.757,1545.8,220.93,-469.79,0.80306,-922.86,560.91,-196.93,437.79,-95.952,-116.89,298.66,-262.26,151.28,-146.7,101.57,1583.7,1362.3,995.93,1654.5,424.94,-160.01,-114.8,-474.98,-366.72,131.49,-114.55,19.021,-157.04,-83.599,-460.3,1310.5,667.22,-1275.2,4.1413,-247.83,318.56,-84.323,282.66,-269.23,-149.85,271.68,-42.343,33.829,-16.895,-16.186,1378.3,1925.7,-40.122,820.34,-625.8,-503.55,-320.66,-782.01,-227.64,-236.82,-267.27,-294.86,-83.064,-217.33,119.31,689.46,744.38,-944.16,-272.23,103.4,-166.83,137.38,86.66,64.722,-130.16,137.98,-142.47,-64.394,116.06,48.842,778.18,1344.7,349.71,-513.81,-909.6,-820.34,-325.28,-635.17,-157.42,4.2325,-164.62,-55.7,-153.94,-75.354,-85.544,397.72,147.68,-224.68,-640.7,361.22,-482.36,-13.285,146.64,181.21,-211.72,-128,126.57,-79.523,260.21,-199.11,477.79,701.26,-118.55,-519.57,-531.48,-961.26,-277.15,-65.242,-236.96,68.505,-47.525,-135.44,18.991,-215.86,30.213,165.06,-19.184,-264.02,-601.04,509.05,-271.21,-139.22,81.94,-48.363,34.195,-78.329,19.371,-99.117,210.13,-165.73,187.42,293.1,108.54,-758.59,-708.79,-375.1,-102.09,312.57,-16.601,-18.973,-258.37,-135.4,125.75,-20.2,194.69
6,24454,2474.8,-3013.8,2914.4,-1521.5,-267.18,-2297.4,1137.8,-159.8,260.69,-134.71,-392.08,367.24,-713.04,-103.21,1043.9,650.38,480.86,39.427,275.77,-108.56,-166.47,-167.3,78.764,207.03,-99.57,120.85,-28.795,192.54,-49.441,3197.7,-1386,-2803.4,805.69,-1669.4,2371.5,662.15,570.12,-155.39,-283.04,710.48,-251.12,621.49,66.089,804.45,344.26,161.82,-12.648,-155.58,-569.33,-369.2,-103.83,87.662,-88.414,-79.216,-186.45,-147.07,-210.4,-100.13,-12.402,3029.3,1389.2,508.24,658.85,-608.85,2285,-201.67,838.62,-202.7,693.26,-489.19,406.66,24.005,-80.419,247.99,-121.21,72.336,-95.596,106.66,28.88,12.016,-234.33,19.48,-151.7,14.606,43.329,17.72,77.58,164.86,-72.855,2040.1,1663.1,1391.1,1387,287.6,-947.29,-283.35,-74.105,-748.55,4.3845,95.053,-92.936,-63.516,-328.44,-348.8,-213.31,-261.67,-64.818,-86.763,257.55,201.92,-145.15,91.006,-269.39,43.049,-119.37,185.43,137.03,-19.018,83.751,1984.3,1319.9,235.08,-876.34,330.53,-1437.5,98.58,-904.84,-85.416,-312.13,-488.76,339.45,-683.18,61.226,-9.2501,-373.66,-692.85,-71.893,-297.71,177.9,89.604,11.299,54.097,24.736,76.698,-131.91,50.131,-132.3,20.311,-10.825,277.8,501.15,-119.21,-962.99,-309.55,-683.13,-519.51,193.38,-134.04,301.47,-288.36,91.03,-134.84,139.11,-204.74,-477.92,-840.41,-68.662,-152.54,142.72,206,220.15,20.808,162.47,80.594,42.08,133.22,-78.575,81.905,-71.446,-484.96,126.71,-1076.4,-491.28,176.83,299.39,-384.49,193.97,181.27,96.098,358.48,-330.02,123.84,-61.845,135.33,-472.98,-258.35,-150.94,122.01,14.945,294.12,387.25,41.61,192.41,133.49,107.19,-20.619,-37.371,59.178,-2.1683,-712.5,-479.72,-102.69,-105.23,-47.413,547.41,-51.283,131.04,383.15,-366.64,-61.19,-169.73,191.82,148.54,38.833
6,45949,-1191,-2936.7,1667.8,-344.19,-2005.8,-1605.1,-318.23,317.81,194.11,-1034.1,-124.7,65.216,-751.49,40.119,-505.27,327.58,536.12,-325.61,490.62,-128.5,230.88,-220.34,16.248,-102.98,54.259,20.157,-49.095,114.53,-67.792,-4614.8,-2664.4,-2152.6,1171.6,696.14,1469.9,931.52,1048.8,-266.3,76.833,967.36,16.59,131.1,958.95,73.012,966.23,-438.06,629.87,-708.19,-40.272,192.95,107.34,-82.2,-37.21,-29.193,56.116,-29.291,-64.566,19.061,8.5716,-966.06,519.57,2440.1,73.523,2163,1844.8,1014,176.45,672.21,-3.2656,-184.56,341.1,-36.523,-319.72,5.3101,383.31,122.74,-342.06,-602.64,-446.78,124.21,-109.28,-289.11,-97.152,12.039,49.364,-137.61,-48.76,38.421,57.043,-71.44,700.6,1874.3,1807.5,255.37,-659.17,-778.68,-48.247,-1113,177,-372.53,-336.03,-572.62,-447.24,-160.96,504.14,101.14,-397.7,51.092,-104.88,222.51,89.157,-176.36,9.8215,195.71,238.03,175.66,106.81,-101.52,33.784,1022.2,1211.2,466.61,53.841,-1208.3,-343.54,-619.49,-628.06,-5.5536,-686.01,-64.315,-242,57.321,137.56,15.379,240.69,289.73,-181.97,-54.129,105.35,38.754,217.72,-63.952,132.21,140.85,74.171,-69.925,-44.178,-72.242,-90.159,745.83,356.41,553.3,-547.69,-1176.6,-975.89,-365.15,-60.435,276.04,-156.96,-231.65,-37.11,138.57,114.35,87.653,75.402,213.85,-247.1,-118.7,20.325,-72.677,80.978,75.63,84.1,18.896,-93.23,-1.6589,-20.581,-54.638,-101.14,888.12,354.38,-848.75,-705.19,-251.26,-427.68,91.994,-84.708,-174.46,203.48,336.78,-4.2898,-54.923,-31.988,110.38,115.3,64.85,-171.29,-182.84,44.609,58.551,23.262,8.2911,-23.548,94.852,-71.786,64.808,-9.9783,5.4286,-61.182,198.44,427.23,-367.26,-947.14,-326.23,126.94,261.02,97.491,194.58,-158.35,-208.28,106.8,187.25,15.071,-86.885
6,30689,944.99,-2519.1,960.27,-151.06,-1184.6,-1698,15.969,-136.31,666.62,-332.44,-82.491,-79.073,-364.45,-274.01,1458.6,515.4,55.696,-99.907,107.27,-198.1,-442.98,-523.3,-244.19,7.0339,-59.266,-202.33,-15.08,105.05,80.949,-427.18,1276.5,-2268.4,-1491.4,-1042.3,1083.6,1037.1,226.99,22.677,-350.08,448.45,-198.1,-418.69,434.54,874.85,-2020,143.32,-137.95,-818.33,-28.932,-100.57,-183.34,-332.56,-200.54,2.9755,44.826,-76.631,-59.544,99.047,60.003,-1794.8,3163.8,711.88,-877.46,349.73,1491.3,195.41,845.47,119.51,741.04,-612.37,-7.6534,-79.838,374.79,-113.23,421.03,-917.19,-133.17,-644.48,45.649,-40.564,504.27,-270.03,304.12,-115.1,343.83,-160.27,74.351,-5.2479,27.588,456.2,1274.3,3821,1847.3,500.82,-143.69,-186.68,-406.76,-162.89,-13.614,213.04,51.618,98.829,81.214,-333.81,29.608,-547.08,254.18,-36.113,464.79,165.32,209.27,-90.938,352.81,167.54,213.79,-40.522,30.094,-102.68,61.862,2452,1074.7,2275.3,-141.91,-85.099,-449.82,287.95,-1014.2,-366.9,-380.18,-19.969,211.91,-512.72,-1.041,-67.128,455.02,207.87,-202.45,417.78,361.74,553.4,197.67,193.27,123.76,84.629,38.133,-323.76,-20.334,-25.464,258.55,1781.1,176.58,745.71,-748.07,-822.79,-658.54,-348.75,-74.886,-41.052,92.195,-348.2,-107.84,317.77,35.693,-248.76,-504.94,920.5,-326.54,665.75,-91.061,171.1,113.83,42.229,-1.9358,-72.499,86.549,-219.64,106.87,-161.25,266.87,-80.341,406.17,-787.66,-270.18,-511.97,-601.93,225.01,-7.6988,127.35,79.951,299.96,-73.814,64.456,-182.69,176.86,-117.37,437.9,-405.1,405.15,25.853,206.88,-158.81,132.99,-140.74,123.46,138.24,136.3,-50.387,129.62,-44.766,-257.49,90.31,-1047.2,-159.62,-169.44,110.3,229.76,340.54,380.49,-19.25,-39.232,-183.68,224.62,-29.586,119.68
7,22278,3990.3,-1582.9,1646.8,-5.0545,-962.71,294.01,-356.4,617.05,688.69,-234,-24.291,-177.13,-123.61,41.506,-1109.1,-1442.5,45.805,-257.79,14.633,52.009,86.043,46.552,-176.43,127.46,113.72,-131.42,35.813,78.55,-113.81,-345.51,-1234.7,-1996.3,1676.5,592.71,73.57,494.4,-442.56,-278.6,-29.749,-87.099,-64.949,450.81,-111.69,23.629,-1498.2,-717.2,-142.05,-91.055,-136.07,7.9316,211.01,-60.086,-48.935,-25.191,70.88,-4.9468,103.52,12.49,-191.88,549.18,472.78,-650.85,-30.274,510.67,95.05,1087.4,-77.871,18.225,56.079,-127.02,254.87,-105.69,-57.54,292.9,-215.1,-440.89,-110.07,159.8,25.379,-198.67,311.52,-267.33,15.081,176.08,55.811,26.302,60.759,-71.871,-263.85,936.91,-340.03,-140.65,1066.5,754.23,-109.66,-206.52,119.66,-27.487,495.23,50.169,120.35,-21.557,-66.463,6.2726,288.22,-455.13,-630.32,500.1,348.28,-414.88,131.95,-137.09,-117.66,144.61,-25.838,-66.522,94.469,-24.206,2.6354,803.61,592.16,94.82,455.45,271.85,406.71,-62.188,42.145,37.828,-218.63,137.87,53.468,17.365,227.4,-44.253,-37.864,-306.99,-399.55,397.54,101.99,-45.044,190.07,-13.748,-49.088,165.67,-51.664,90.762,90.961,-116.15,144.6,779.88,953.28,598.64,-33.232,235.74,137.94,-333.49,-10.833,276.15,-69.554,-65.827,62.982,-200.63,121.94,39.721,-227.03,-112.5,-442.79,685.53,369.36,-50.871,-94.476,223.26,7.0394,-68.531,66.253,234.67,-15.452,-22.513,129.62,1258,1040.4,171.35,-110.73,160.77,119.1,-364.59,-157.74,-94.446,36.547,97.866,-85.953,-122.85,-32.219,-150.1,-301.81,120.97,-99.687,799.87,282.91,204,-123.62,116.47,178.28,-138.19,106.81,141.16,-40.921,79.222,41.365,858.54,1017.1,233.23,-386.91,-331.68,-43.604,-357.77,-41.99,-30.463,-83.919,-88.76,-52.96,63.291,-53.123,-105.86
7,24914,300.09,287.41,652.3,33.158,-797.5,-317.3,145.72,447.55,203.06,-40.232,52.795,-98.521,-256.34,215.34,-878.03,-593.86,-309.09,-237.52,-302.12,314.92,-71.674,-42.837,39.468,-76.888,77.299,-94.73,90.098,-88.058,49.181,1519.4,-2660.8,-55.451,963.73,595.97,528.2,-119.75,-285.06,-5.2131,-226.23,264.98,-230.85,254.69,306.17,-103.45,447.27,-73.166,-325.56,-316.65,-260.05,56.325,120.71,109.78,17.331,-6.0124,150.74,-91.093,129.93,-84.156,-36.618,1413.9,28.524,830.29,42.147,274.09,184.7,631.39,-92.908,62.387,360.62,-349.75,237.01,-92.622,-139.29,176.22,607.76,366.29,-147.13,96.695,-228.03,98.846,73.092,-109.44,108.54,-51.396,131.22,101.49,-46.718,18.113,-122.76,1025.6,635.51,285.45,817.01,807.9,-190.97,-603.8,181.33,-344.94,364.62,174.8,-89.179,-33.34,-75.489,-154.15,564.46,587.52,-476.65,-4.6763,96.566,-47.087,11.551,77.473,-16.797,11.814,-33.792,39.06,-2.8129,-77.231,98.12,1038.4,1140.5,12.034,484.52,-162.97,-279.64,-22.037,-33.582,-43.853,-338.6,-100.7,55.412,-240.47,252.54,93.707,305.44,284.74,60.086,-50.574,-206.08,10.55,-36.83,121.03,3.2463,115.56,-41.272,0.28106,-150.1,5.4916,-20.984,355.94,1519.9,148.47,-648.76,26.988,-486.37,-261.19,-113.37,-189.51,163.99,-205.85,-78.593,17.87,-141.64,29.069,173.58,48.054,137.76,-200.45,27.933,109.8,-94.465,157.45,-174.6,35.972,-105.87,37.221,-17.131,15.271,-135.66,933.12,778.89,-394.17,-934.14,-255.3,-292.63,-374.89,-124.95,-75.923,-361.46,181.38,50.968,-54.318,-63.297,-112.78,-135.03,-203.98,319.78,-85.625,-154.74,87.382,71.451,211.28,-90.264,-7.2973,-110.62,-79.017,-36.376,41.452,-56.225,544.86,122.69,-340.11,-946.24,-777.46,-66.026,11.903,-311.37,238.55,-165.66,29.134,14.727,-43.022,97.238,44.877
8,29409,356.11,-1076.5,1844.8,-1634.1,-314.75,-1478.7,570.63,-307.86,406.12,-704.6,26.105,-68.351,63.446,-77.94,-2511.2,-1299.3,381.52,-68.546,347.33,415.34,-324.62,373.91,-299.22,897.47,-282.31,209.99,-434.72,114.64,133.71,3818.4,-1881.3,-1348.7,705.28,-1871.6,782.26,-633.93,158.01,-487.17,-472.7,-75.894,-173.53,-26.815,427.18,-183.71,-392.93,-708.69,-130.5,210.44,-130.36,46.233,-203.6,172.94,212.85,301.72,13.088,60.75,-347.35,25.929,-225.26,2323.4,-46.966,672.45,-710.54,-298.8,-601.92,38.367,264.42,-451.69,313.02,-585.62,556.49,-400.6,-80.678,88.146,11.415,426.02,-737.53,152.84,-407.39,-7.038,136.46,-269.61,164.84,52.966,121.13,-104.6,-229.63,146.4,-102.02,1115.8,-232.3,1171.8,445.6,693.5,-1265.4,-82.885,-41.805,41.481,268.29,-124.81,76.282,-0.81478,263.04,-252.7,184.17,773.23,-1303,215.49,-224.27,0.95962,-227.94,-222.05,288.71,-285.82,199.21,-291.49,-21.937,122.58,236.32,1160.6,726.52,433.48,-334.26,789.91,-930.53,153.6,-29.927,482.26,-265.91,-212.23,82.063,26.296,282.49,-22.442,-161.73,225.69,-218.78,-184.52,-263.87,40.107,-104.9,-116.45,-159.68,-15.175,213.4,-73.324,116.48,-166.05,145.05,425.2,1420,86.639,-306.35,393.08,-131.57,-254.18,-19.843,335.71,112.49,72.346,-191.2,-37.866,-225.04,-133.79,0.48264,-325.44,408.72,-281.52,142.92,-77.373,-412.03,137.57,-398.02,263.9,-98.48,193.46,123.95,-123.55,80.2,839.14,1111.8,-549.38,-84.076,88.593,569.81,-294.55,-99.643,180.81,-267.8,249.06,-231.29,147.07,-80.126,-82.284,44.166,-353.29,519.45,-98.212,-33.258,-45.12,-153.21,110.67,-338.01,127.68,-82.115,159.33,-109,126.51,10.91,472.36,276.56,155.94,-80.591,-11.018,466.71,-78.262,-204.33,306.7,-81.867,-81.194,-231.27,119.94,0.43124,57.492
8,36858,-511.81,-323.96,1063.7,-1472.9,-62.108,-1174.2,747.65,119.08,-184.68,-676.83,87.849,251.81,246.8,299.15,-2570,-1988.8,833.02,-551.74,683.6,-107.7,490.43,-104.43,336.23,206.79,-24.281,107.28,-66.909,217.03,-35.239,3858.8,-2693,-1003.9,419.63,-1281.6,664.02,-553.76,394.32,-651.55,-111.99,-202.65,28.776,176.17,245.85,-50.864,-1508.8,-397.05,-379.67,-118.31,349.52,-93.711,-59.145,19.545,83.633,154.63,235.18,136.45,49.795,-70.468,-11.393,2412.4,-724.02,556.95,-307.85,-424.35,-915.54,702.41,-176.95,90.134,181.88,-114.57,284.4,-300.52,81.736,-203.24,63.115,18.084,-977.65,157.78,-877.21,263.47,-4.9142,-121.5,157.48,-61.283,189.97,-235.8,36.588,6.0191,37.159,1106.4,-1226.5,1532.4,-199,731.31,-905.31,322.4,91.466,176.87,141.62,-313.18,121.16,225.74,474.8,-215.9,-8.912,245.49,-996.86,-261.25,-119.28,-34.365,-287.64,51.938,-46.675,-125.13,35.994,-107.82,184.97,-147.52,294.66,576.73,942.14,-228.61,-255.94,655.93,-1299.3,675.17,15.388,843.59,-811.67,341.37,-240.14,181.18,155.22,179.98,-604.51,700.71,-1088.7,82.105,-492.75,112.88,-55.042,134.95,-455.92,-29.069,99.891,-102.92,268.95,-89.262,211.77,405.15,1363.2,-587.11,136.27,-216.8,-619.22,112.25,22.751,379.14,42.02,301.1,-460.21,461.73,-543.05,116.92,176.32,-711.24,602.09,-28.959,-484.01,170.1,-330.81,148.61,-127.59,220.84,-223.69,336.16,-259.69,190.51,-65.655,948.97,931.66,-517.09,-593.11,-25.215,347.22,-916.77,555.78,-102.34,64.309,-10.876,-77.381,246.92,-59.208,-35.497,-98.724,6.361,664.99,-655.72,268.02,-395.3,60.611,65.496,-329.37,146.15,-131.5,354.83,-232.08,155.52,-170.01,614.26,502.15,-386.92,-258.75,-101.41,96.708,-319.96,102.81,101.51,91.01,-199.95,94.961,-81.275,47.949,154.77
8,41863,740.44,-1520,1987.7,-1590.7,56.291,-1349,914.08,-334.08,310.43,-709.91,-43.398,254.69,248.02,-252.13,-2907.5,-2909.2,1160.9,-792.97,763.62,-134.12,511.12,-32.668,289.05,114.05,110.46,-45.963,252.57,-145.66,170.61,3318.2,-2459.8,-1001.7,512.04,-1222.2,1145.4,-84.997,25.245,-103.8,-599.01,207.91,316.46,-39.039,349.1,94.692,-1053.6,-1716.6,286.67,-532.77,355.66,-417.22,413.83,-412.53,482.4,-174.01,374.41,-23.577,94.405,-21.788,47.987,1916.9,-757.05,1020.6,-1028.1,125.22,-260.79,591.73,629.28,-465.73,844.18,-604.37,662.27,-188.88,-116.5,-216.1,-21.712,-226.77,-724.83,8.5174,-676.08,-341.72,548.25,-361.63,140.8,-492.01,315.43,-273.85,116.97,25.466,133.13,1052.5,-706.97,573.29,292.86,860.9,-833,311.14,186.02,215.61,132.67,176.28,-28.101,68.537,351.87,-247.92,-122.47,573.51,-1221.7,465.11,-557.81,-270.61,-43.055,99.065,148.61,-469.06,88.124,-113.79,512.12,-81.901,23.634,707.67,927.84,-613.58,-638.44,295.97,-685.94,468.84,-130.12,386.32,-14.529,-162.87,84.324,-103.92,235.72,-130.55,-174.48,497.91,-191.48,206.31,-507.72,-59.218,-20.701,729.81,-394.14,-20.349,-18.9,71.499,334.89,-82.687,183.6,-235.65,1285.6,-979.26,-417.52,-301.98,277.95,-480.8,155.02,-80.703,223.73,311.22,-149.9,-86.105,-252.4,-144.09,663.48,271,354.31,12.643,-43.888,-297.96,-509.32,780.02,-21.464,351.9,-341.53,215.71,-12.087,-72.663,-27.384,282.88,324.69,-804.63,-30.014,-627.03,570.19,-258.08,-50.407,33.296,-470.96,391.72,-32.752,113.87,25.224,201.34,947.38,278.52,464.46,-642.08,-55.616,-306.13,-65.511,233.06,38.932,90.701,-202.24,276.14,-181.03,115.26,-231.49,161.88,-341.89,646.2,-373.23,-69.977,-198.91,83.099,-42.587,82.393,23.576,-92.471,27.673,146.25,-32.922,188.31
9,31556,-1028.1,2036.2,671.18,1775.5,-2374.6,-262.79,-410.69,112.94,128.3,-294.82,444.98,127.94,-93.772,-131.69,-1624.6,226.13,-130.98,207.5,69.537,-426.32,343.13,-229.41,-223.05,32.981,-397.52,113.37,-263.79,150.55,98.759,-1837.1,-2673.1,1694.7,-1395,1684.4,-654.22,774.8,539.26,-604.76,413.05,-322.48,176.14,-200.45,-76.204,-202.22,-280.61,-455.01,-133.93,3.1338,184.9,-315.68,332.77,-152.44,146.56,133.94,-76.538,292.71,-159.81,118.61,-33.547,-1658.7,-205.57,1800.6,-1198.2,226.08,19.222,727.2,404.52,-165.18,51.064,-226.24,124.05,-34.499,-581.98,106.52,298,223.01,-3.8958,-208.81,267.7,-244.01,603.1,-227.24,182.02,-32.042,-90.891,53.179,-328.13,38.476,-85.399,-1411.6,-837.15,1303.6,1074.6,-52.399,-71.87,-441.25,352.22,-590.4,122.3,-331.4,45.362,271.47,422.45,96.787,283.52,516.97,-392.03,148.38,686.84,-278.53,290.84,-88.964,135.57,-144.71,-223.07,85.069,-254.01,110.37,-51.584,-49.161,-430.28,600.1,315.27,-1152.7,582.51,-760.3,655.81,-310.74,-253.95,137.21,-506.48,241.49,-124.55,255.77,-229.34,374.06,-222.75,-39.341,218.48,69.312,19.587,-79.255,55.985,-175.71,-137.6,139.53,-61.159,66.891,60.55,-25.727,100.09,-12.407,-293.55,-906.94,268.65,-110.09,-476.46,17.839,-369.22,121.24,173.93,-157.38,-119.9,-398.75,-270.83,114.02,-35.898,-72.72,269.56,163.99,-346.94,0.3112,-119.18,-86.809,-174.88,69.337,-62.118,2.6079,134.64,825.08,-153.5,-662.15,-238.11,-575.84,-20.111,106.22,-135.37,197.69,-260.18,201.44,-329.19,26.162,142.08,-55.442,-31.002,-260.21,295.94,-181.78,-116.56,327.45,-291,65.573,-145.07,7.3186,-106.96,20.771,23.348,-85.629,114.34,209.99,251.36,-360.66,-481.01,-15.324,-80.573,334.22,-407.92,250.33,34.278,-124.98,131.99,-129.64,91.249,43.19
9,24177,1012.2,1499.7,894.7,1344.9,-1929.4,-108.24,-491.74,945.23,38.026,-190.51,369.12,168.91,-256.19,-203.17,215.19,652.24,-1312.7,833.54,-542.16,189.7,-103.3,74.035,201.65,-370.27,212.27,-274.14,240.39,-210.75,241.21,-1671.3,-505.82,1823.5,-549.96,594.41,-274.68,1333,-13.681,-10.161,-166.85,463.35,-155.66,-579.99,566.36,-282.99,-274.41,-95.68,-964.06,510.5,-175,159.86,78.276,-37.606,223.85,-264.01,106.34,-306.71,101.24,-187.27,142.64,-901.4,820.72,1745.7,-891.32,307.03,112.12,1036.9,-679.37,58.008,-40.842,93.278,39.971,-45.213,-347.52,222.83,-393.04,-462.99,-202.53,5.2643,358.42,29.375,481.78,-7.0268,100.73,-119.17,-81.678,-2.9217,-149.79,-40.508,95.515,-628.83,34.55,1699,579.37,-46.022,-566.4,-202,-104.96,-483.73,-151.47,31.479,76.475,73.206,207.49,-125.55,-572.91,-610.81,939.91,236.75,622.13,-323.38,458.57,-77.92,-30.678,-36.001,-83.422,62.735,-57.06,32.542,-11.436,552.5,125.05,266.46,-541.84,-651.81,362.63,-491.1,405.28,-130.48,-52.332,316.45,-240.35,206.45,6.964,56.373,-426.59,-357.02,743.67,84.459,266.15,-317.95,213.62,147.39,-97.444,-97.804,-183.4,53.335,-106.53,65.546,-5.5393,487.41,102.03,15.16,-199.29,-174.62,211.32,-164.93,-31.39,-55.348,314.53,-36.678,115.26,-50.474,-116.5,50.782,-458,-86.204,343.49,112.13,-236.96,-43.871,-109.36,104.36,-155.81,49.486,21.19,-45.265,22.066,-87.157,-4.6548,809.28,83.693,-381.83,-181.34,-54.156,271.72,-105.9,-40.879,5.3268,-185.27,-76.79,-81.304,-38.591,96.641,-31.903,-248.23,205.87,-195.36,-47.71,-347.16,196.8,-91.085,228.22,-52.773,17.642,24.628,-38.461,68.331,-14.559,-60.135,200.36,231.66,-218.74,30.383,140.57,-144.71,-107.35,-293.53,24.957,-7.7533,-173.78,-4.6243,-96,38.498,-0.086991
9,28974,1473.6,869.69,1636.6,1655,-843.86,-1449.4,132.18,841.25,644.16,-174.04,294.11,-30.211,-234.05,89.397,1117.3,412.36,-139.88,392.21,1237.4,-335.23,230.07,55.948,-43.347,-31.037,78.838,2.0461,-81.326,60.619,-127.34,-2313,-405.42,1409.2,-671.26,314.27,1324.2,612.21,733.1,-720.43,-10.744,94.118,-536.62,-21.162,586.73,-265.22,573.97,579.39,-641.76,380.49,379.04,-312.95,-349.73,335.12,-65.575,56.551,60.242,-128.36,-6.8648,-130.79,-153.15,-1367.6,-548.55,1252.6,-834.32,440.2,456.55,835.13,-65.108,-46.183,-452.38,-92.049,239.23,5.4097,-254.83,362.84,-1098.7,445.84,-138.67,67.23,528,11.671,-389.34,447.56,-348.98,-0.85389,-40.226,2.2471,139.11,-46.123,8.5638,-1241,-1298.2,2161.2,1252.1,-300.54,-261.88,-152.14,77.509,313.38,-95.982,243.11,12.13,144.36,-37.886,-90.663,-1021.8,-300.79,1206.4,-82.941,430.88,123.91,-271.24,151.61,-136.56,-28.228,-79.159,57.736,20.16,-52.539,30.439,828.55,212.95,-643.52,80.873,-727.4,453.93,47.043,227.4,136.17,-282.59,231.05,-302.63,-264.69,-86.41,178.77,-450.92,-519.34,1346.6,43.44,30.447,-41.944,-423.9,-2.2709,189.97,-230.91,210.62,25.397,66.791,-10.077,49.305,1140.5,147.38,-631.14,225.93,-531.7,173.71,-107.45,-100.95,144.58,102.08,-270.93,-47.818,-143.19,-245.59,39.724,95.627,-244.54,692.26,129.95,-578.04,313.66,-29.055,-283.14,317.55,-130.16,124.51,-37.953,96.969,-41.174,111,936.28,349.7,-554.18,-588.32,-5.6689,81.326,202.65,-166.73,-147.19,-97.465,-101.84,227.58,-130.08,172.91,-39.248,94.098,428.9,-367.97,393.53,-521.15,338.27,5.7852,-102.67,348.83,-90.168,-102.78,145.3,-177.86,-55.926,27.943,478.03,103.95,-361.18,-238.25,255.27,-113.41,-45.79,-166.51,-154.43,-5.6004,69.185,87.284,-150.22,21.261,-38.648
10,19108,149.85,-2000.9,336.88,-847.6,-1276.5,-948.78,107.85,587.42,282.25,-18.006,-343.69,-197.21,62.847,107.08,-2172.2,244.65,-62.886,-39.175,377.25,-479.43,38.641,-562.55,192.67,-79.439,200.38,243.34,13.686,79.754,95.54,-1386,-75.8,-448.86,-80.538,635.59,1306.4,227.68,737.34,-272.28,-166.36,-188.96,-290.78,222.62,-110.4,72.204,-1282.7,-5.1317,-70.92,-3.3385,396.01,-244.06,395.67,-57.583,401.99,-89.701,93.103,99.937,-101,-14.139,-41.143,-503.2,701.75,355.22,-822.2,-57.783,748.87,2.7353,-121.94,-690.42,-278.12,235.27,-55.135,87.93,39.473,99.853,-338.46,429.27,228.46,-109.02,86.313,-157.41,140.31,-266.95,272.83,-85.268,-52.807,28.964,-81.255,35.51,88.522,-620.08,-350.23,807.59,210.89,490.36,69.16,-112.37,-138.57,-71.323,161.01,-110,-53.386,-240.32,-91.264,130.09,-11.139,108.22,-362.97,-10.038,-82.992,-213.95,53.352,-62.33,207.49,-16.848,62.691,143.08,-69.886,119.14,49.655,-123.75,-1032.4,980.44,151.67,426.64,-6.0296,-129.92,319.07,-258.89,335.97,68.857,16.626,202.06,10.079,-28.366,-175.11,-116.13,-225.75,-321.06,-239.89,-139.9,46.981,-5.6681,136.49,-138.12,-53.761,62.852,-96.223,-60.562,-81.956,-255.73,-501.99,924.71,106.72,1.7616,218.05,-222.24,82.323,-3.3216,328.98,-14.024,59.515,172.97,-18.164,129.24,32.441,-55.974,-224.23,-37.307,4.521,-170.7,33.283,-14.268,3.4737,-13.666,37.922,48.432,2.8129,124.43,-10.234,-55.03,-64.05,324.27,495.65,-101.27,332.95,-65.858,-177.58,212.63,257.26,-12.892,-41.549,106.78,-99.272,-46.008,178.61,-36.158,28.115,-109.12,77.71,-7.0662,-48.541,-26.709,-6.6646,37.006,17.847,142.14,-157.86,144.09,-127.22,-411.13,-220.8,298.56,636.38,-486.67,-43.188,34.828,-111.53,225.43,-18.314,-17.801,-196.6,274.09,-168.05,10.039
10,26809,510.45,-2963.6,153.82,-693.54,-1796.1,-708.88,-12.696,936.47,94.838,-237.97,-164.06,-119.9,0.60752,142.84,-2863.7,-222.32,720.1,112.07,426.05,-44.715,51.025,-381.13,168.85,140.83,399.52,5.1231,66.525,-97.986,142.39,-4127.2,685.21,-28.954,261.61,1539.5,1395.5,368.01,578.91,-216.94,-443.3,-187.5,-355.31,196.36,-191.81,-367.91,-282.35,-342.67,420.88,407.73,-55.088,16.321,248.88,134.71,167.61,-262.88,-52.808,-10.709,-135.12,-119.6,87.409,-1804.8,1180.1,1179.2,-1106.8,49.986,306.03,40.948,-610.71,-342.09,-113.24,379.55,325.86,-120.13,40.21,218.97,-36.99,-137.54,141.21,539.33,-315.78,-75.206,-202.76,-14.198,-130.67,-61.791,-172.6,-50.786,65.943,-17.676,19.317,-646.79,-764.76,1043.1,383.21,245.2,-223.8,-355.27,-45.05,-32.227,435.72,-232.95,-19.132,-130.63,23.261,-79.001,661.82,349.97,-454.77,523.33,-296.1,182.04,-101,239.88,-87.365,-17.591,93.299,62.619,99.703,141.05,-11.997,61.854,-1022.6,1233,253.82,-131.46,-190.59,-319.88,406.36,-223.9,-188.41,-89.978,23.423,249.38,68.472,-7.8942,167.04,358.3,-405.29,11.694,-384.64,117.08,147.23,142.73,127.54,94.39,54.934,-101.16,42.001,-55.775,-12.258,-113.74,-445.29,584.56,-35.985,-368.91,78.854,-174.16,-35.616,114.44,164.92,173.32,95.924,231.45,-140.46,98.294,494.24,245.41,-581.45,180.53,216.75,-41.902,329.35,-34.034,-149.09,-52.427,104.07,-141.14,-35.03,-19.079,-41.281,267.82,-128.08,-17.842,321.83,-411.23,22.356,-14.837,-83.24,288.05,4.66,69.075,-171.16,-15.068,-199.81,-88.568,178.47,-18.874,-199.92,-230.36,42.041,-101.1,212.04,64.758,-76.856,6.2792,46.409,116.5,64.733,196.07,24.883,-168.03,-56.863,150.14,206.93,-395.53,-35.517,83.626,51.178,213.5,-90.149,-71.702,-44.049,175.1,-55.736,111.05
10,18078,-426.77,-2103.4,-704.6,821.33,-1090.1,222.03,101.49,986.85,47.516,-375.25,-360.69,-179.38,-64.589,284.91,-1474.6,61.974,919.68,-268.25,519.07,96.178,602.67,-56.176,187.81,213.82,139.15,92.693,-126.03,-36.161,-101.14,-2257.6,1364,804.7,-364.39,1202.1,775.31,115.23,-201.63,128.19,-431.64,454.33,256.72,387.31,374.59,-248.36,386.73,-357.77,263.85,11.27,106.62,19.168,173.45,-151.71,13.923,-56.972,-44.093,77.367,12.662,-15.802,-126.53,-1020.6,895.42,817.59,-819.31,132.57,212.45,317.82,-247.36,-133.22,-40.847,209.44,349,-210.73,-202.99,124.18,707.75,-402.92,-189.02,-145.93,-250.78,210.57,271.19,-32.798,-35.73,-226.24,52.435,-61.784,97.133,30.936,31.051,-56.885,-258.77,650.63,847.51,42.392,-109.62,-604.84,108.86,61.748,370.33,76.926,-16.491,-42.165,164.06,-54.338,852.16,-183.31,-808.52,-117.43,-296.41,20.711,278.99,-95.064,2.8019,-171.61,110.62,-88.243,-27.905,-85.579,-37.44,515.95,-622.18,433.15,268.13,38.89,-46.165,-276.73,241.32,77.681,-173.58,-80.95,60.836,1.2685,96.772,-110.6,567,200.61,-710.82,-37.626,89.871,2.2129,525.89,196.75,-68.705,-140.49,35.053,119.07,-5.6397,163.55,50.233,345.01,-13.937,217.15,-8.7202,-87.308,112.01,202.33,24.132,272.01,294.88,-57.406,45.47,-37.435,28.192,-87.738,95.065,195.81,-683.19,-265.3,114.33,-28.326,274.56,133.5,-242.46,-17.243,-38.094,106.52,-48.662,100.65,-3.7234,327.31,-103.15,-246.99,32.931,109.92,-56.127,209.57,-86.124,140,-17.821,-142.07,-102.58,-70.254,56.658,-41.396,72.038,28.738,-349.46,-394,125.13,57.256,45.991,124.17,-206.05,-76.798,-34.279,28.534,39.702,121.96,177.84,98.534,142.74,225.49,-135.81,-66.94,-142.03,45.631,-18.723,90.549,92.936,-73.185,-18.78,161.64,80.207,-21.418
11,23838,210.86,651.98,809.58,-206.53,-150.55,-847.91,320.48,-170.44,408.88,-180.61,240.52,122.19,-327.73,183.18,-2775.8,-582.12,-116.87,-560.3,568.83,-471.26,567.3,-235,12.195,-7.3034,10.104,-133.84,9.4921,75.543,-269.59,233.17,-2471.5,1988,303.76,-446.42,1022.8,338.49,-423.35,493.29,244.7,-601,742.12,-139.23,-21.712,543.19,-936.22,-741.82,-29.194,-671.65,348.3,-327.58,174.46,-263.82,-45.116,179.61,-27.625,-3.9945,-123.62,139.47,-192.23,573.76,616.7,1801.2,972.23,-592.06,855.67,-19.299,432.02,92.841,287.53,-312.51,124.48,12.52,-205.26,314.44,-478.11,-311.56,-256.95,-346.64,-31.375,16.669,17.389,-156.14,61.175,74.862,174.32,-1.6603,-34.767,126.28,-183.89,1760.6,86.423,1337.1,819.47,-506.18,225.21,-17.733,213.55,-427.54,201.61,-245.48,173.12,364,-436.67,90.813,-142.53,-438.75,-350.61,-87.073,11.219,337.92,-82.706,44.355,154.5,51.985,88.403,-42.182,-25,174.62,-60.533,1769.3,387.55,87.948,605.14,-715.29,-160.33,249.06,-342.15,184.14,-17.932,-37.389,-4.9512,-4.6246,-95.478,190.15,-330.92,-705.6,255.29,95.352,41.333,495.03,-106.89,-6.5221,124.03,96.586,0.1205,-86.53,73.768,13.138,-128.43,688.58,1053,-436.44,426.13,-206.26,-284.61,47.621,121.97,-62.664,196.09,8.8421,-20.503,110.53,-122.44,19.862,-4.8572,-622.83,-7.4713,316.96,214.38,450.06,-29.044,-36.874,34.912,-43.621,86.525,-83.57,144.61,-54.809,21.488,409,1015.6,-504.68,143.06,13.291,-243.22,251.13,169.71,-193.26,68.448,-46.215,-13.99,72.996,-41.861,-67.347,-198.81,-335.22,277.75,253.41,118.65,118.63,103.62,-135.44,186.67,30.188,138.31,-196.84,206.01,-72.562,27.87,120.45,362.02,184.38,-43.896,-44.406,-38.876,-284.15,199.05,-108.23,-37.826,-17.89,-149.33,-94.454,-17.431,-73.27
11,10959,1896.7,2238.6,292.91,1126.8,-1515.6,-1694.6,855.49,199.09,218.76,422.27,-192,-269.66,-365.47,23.136,-506.31,-379.17,-547.15,620.75,-387.97,317.12,10.988,-114.54,523.51,-451.79,161.51,26.175,-267.51,171.42,-158.03,-740.27,-2464.6,2863.3,11.053,402.86,1602.3,1195.9,-517.77,818.88,-669.26,498.81,-275.83,742.31,383.65,-81.437,-116.26,-317.45,-109.71,678.61,-247.84,500.07,42.33,-262.04,266.82,-171.22,95.823,160.77,-177.46,409.09,-334.87,1370.6,786.99,3873.8,-22.628,902.8,1232.1,491.91,704.41,67.647,-82.886,301.27,-17.22,-179.95,400.52,5.4283,-335.25,160.73,-440.77,585.46,-485.57,637.45,-473.53,47.445,78.696,-70.919,-42.921,78.285,-462.61,235.82,-73.277,2372,536.49,3618.1,113.94,317.73,357.87,-357.17,353.52,-439.68,133.8,-109.87,473.82,-336.33,-289.15,-543.26,-115.37,-296.57,-23.686,-17.807,-254.95,516.22,-418.73,102.84,-92.964,136.38,-49.603,74.619,-300.37,255.95,-86.84,3226,788.21,526.59,568.78,-625.25,-15.521,-391.14,-95.072,-19.748,-247.01,-121.26,-82.72,-479.71,304.97,117.61,213.83,-755.12,-0.45551,349.5,-180.23,424.88,-182.6,272.17,-37.044,97.292,-97.451,97.964,-6.1663,167.85,-47.51,1578.4,958.55,619.3,125.64,-373.85,-343.18,-339.24,-332.28,158.89,58.448,-555.39,287.47,-283.25,293.83,-223.35,195.05,-787.32,310.52,259.58,127.82,297.98,-20.416,65.772,-15.203,41.871,-176.86,191.21,-120.91,-94.903,85.422,796.33,959.47,-168.12,63.824,-76.658,-63.882,-340.85,-147.01,-334.26,120.64,-371.64,363.69,-293.59,-64.619,-121.86,65.079,-502.56,243.68,191.83,168.97,-64.478,-2.5389,-53.397,16.792,-34.643,-93.171,-72.476,-46.368,-141.04,148.35,7.6366,390.23,407.93,103.54,-344.91,-476.33,-376.5,97.285,-224.03,-158.1,-390.64,25.958,-311.74,12.459,175.26
11,38224,3025.5,-1930.1,589.32,437.6,-2259.2,-1982.1,871.39,-1086.9,1241.4,-466.94,-420.48,130.76,-624.55,-175.45,-1592.8,-89.461,-2542.2,779.26,-1087.6,-494.43,126.59,501.27,249.07,550.58,-165.17,384.92,-61.137,-149.49,93.495,-8500.2,586.3,1609.3,-372.66,-571.17,1817.2,1192.3,-847.22,1661.8,-998.81,944.19,-102.58,-10.2,692.62,66.88,-448.82,-492.4,-381.59,-341.24,686.94,-199.48,155.24,-86.143,-437.72,-120.83,-60.142,118.51,-47.956,246.25,-202.64,-3986.3,3125.5,2866.9,447.95,540.76,1785.7,-277.73,1821.6,-466.48,612.27,18.378,-180.34,352.19,136.14,55.808,-305.59,-1036.3,726.82,-955.51,913.39,-460.29,551.45,-149.9,-3.9769,75.712,-149.93,223.35,-347.39,45.234,186.72,2127.6,-435.85,3009.7,552.3,-967.39,658.83,-900.73,560.33,-1017.1,392.76,-208.66,91.154,488.98,-685.96,-490.89,-1212.3,-993.72,365.92,-293.22,422.26,358.27,182.59,270.71,338.79,-17.792,607.72,-131.4,138.65,3.1612,68.749,4100.2,76.415,-1540.6,356.11,-2165.4,714.15,-255.48,-673.44,744.84,-766.82,778.22,-448.17,-123.26,49.159,310.23,-694.86,-679.65,45.055,378.92,173.77,1083.9,433.61,653.38,293.3,118.74,306.68,10.771,129.16,167.62,29.061,1832.3,313.11,-1562.3,-98.217,173.42,-421.11,243.35,357.38,256.16,493.84,-123.31,72.877,246.03,201.29,-270.85,104.05,123.11,151.54,728.65,249.24,694.29,402.49,458.69,-3.4668,33.438,-327.11,60.274,-144.98,-146.3,-35.221,108.65,307.64,-792.26,332.6,806.45,117.57,484.83,150.72,-56.312,208.78,-370.1,241.67,-82.505,-82.006,137.66,801.6,245.31,158.71,348.15,167.53,207.27,206.48,107.39,-326.53,-193.46,-360.53,39.964,-32.085,77.017,-219.95,-100.64,-791.69,841.73,-297.76,786.46,421.54,-593.24,417.7,-336.76,-95.542,-201.6,-286.73,-195.4,-74.2,200.54
12,21536,-928.53,-3242.5,128.1,-42.951,-955.13,-824.85,174.2,-282.37,223.38,-442.4,-592.1,282.66,-7.8481,-244.29,-1429.7,-1267.8,-606.98,-495.78,77.035,127.97,511,235.17,-257.3,-96.757,-33.101,138.36,-19.948,-149.83,16.279,-6889.5,1365.4,-813.97,1377,597.25,1135.4,437.32,57.923,688.87,-794.23,252.59,748.61,-139.92,103.4,242.49,1147.8,1280.4,526.52,248.18,-303.27,-395.31,-654.16,-141.97,-14.882,-74.14,46.051,40.493,-234.24,-184.79,15.437,-3060.3,1483.9,2290.6,-773.87,713.42,-397.21,442.49,-326.34,-130.08,529.32,126.32,-280.8,182.14,-31.441,-258.55,-953.47,-505.26,-423.57,-442.99,-267.9,-227.67,-26.459,-175.12,192,242.88,-208.64,-262.32,157.22,68.639,153.36,-188.34,165.56,2326.4,1.5349,95.602,123,-14.011,272.14,-87.395,-28.622,-2.9285,237.47,-163.17,-15.392,45.121,-1034.3,-518.6,112.11,358.51,220.85,-177.82,13.674,52.925,50.269,250.66,8.0523,-73.316,-59.265,109.16,95.479,575.39,-88.027,878.91,-574.28,-803.77,222.56,-174.09,-20.204,-138.06,-229.02,151,-98.337,106.67,143.15,-84.78,-421.23,31.392,90.511,121.18,151.96,-40.075,140.41,142.27,-215.5,1.4312,26.836,99.013,32.489,99.384,22.434,558.57,118.62,-54.712,-54.772,-732.16,663.84,62.199,-137.38,20.968,15.851,80.189,-92.976,37.777,-170.06,183.07,-479.49,-171.77,520.01,72.513,-103.44,-241.56,-62.837,-4.8314,-41.933,69.606,30.666,-23.255,-152.01,-223.82,26.516,388.14,52.177,-834.34,294.82,-145.68,370.08,164.01,-92.434,100.09,-14.177,55.383,25.31,-38.136,121.63,-112.68,-1.949,0.83109,136,-25.523,-14.194,-250.44,-205.28,51.848,119.61,-7.0932,45.381,-67.622,88.732,162.73,-19.335,281.27,27.816,-349.38,324.98,312.72,-265.12,190.66,-209.21,36.05,-54.977,-179.1,64.627,-23.336,37.339,-103.84
12,19500,-3303.3,-1605.3,-1322,709.62,-921.45,260.87,-105.2,516.07,-232.14,-219.55,-349.23,33.808,214.76,-5.7756,-1981.9,-765.75,-366.83,111.52,6.8637,276.68,174.77,107.76,-46.122,-90.568,30.439,-8.179,233.6,48.408,-26.138,-1927.4,245.9,664.28,-558.17,1197.3,-718.71,578.52,-631.84,380.85,-153.4,90.856,189.3,-133.01,82.206,27.554,38.242,820.13,512.46,62.22,-200.87,-15.807,-326.42,-65.886,101.92,-89.209,63.785,-91.759,-147.27,-71.586,-16.778,-2160.8,289.06,573.42,-762.08,532.62,141.39,744.37,-171.57,-250.23,104.12,158.48,184.27,-2.7091,-136.03,-207.81,165.77,228.74,5.3872,-28.798,-212.37,-50.444,-104.45,-15.145,140.11,-41.065,41.717,-124.57,-1.0539,-106.05,116.36,-1736.2,115.46,958.5,55.81,267.15,50.799,-415.78,112.83,-32.543,364.23,3.8927,-154.76,-91.249,-50.214,44.081,490.13,293.49,65.826,142.88,-175.05,-263.43,-37.707,-120.55,79.455,-121.66,50.387,-61.864,-22.828,-138.34,39.476,-913.13,-273.18,580.59,320.2,-153.77,288.85,-371.11,374.95,-146.7,-134.92,-20.806,273.53,72.728,76.821,21.908,105.17,-83.64,-348.88,-58.93,-38.911,18.947,210.86,-91.95,-128.88,-171.57,30.102,-13.577,264.64,58.605,42.368,-335.47,80.823,928.9,222.53,-527.99,249.42,-142.47,133.82,-71.942,65.215,-5.407,-194.43,4.0053,139.75,51.926,34.248,83.292,-489.4,7.9653,-117.27,-69.25,42.085,112.7,180.09,49.739,-122.66,-71.781,-42.045,-118.76,34.606,210.7,-170.54,523.93,45.8,-173.48,32.84,-11.132,-145.6,87.744,-105.13,15.141,43.745,46.157,-15.97,-151.28,-230.73,7.0711,-381.28,118.9,-36.426,98.955,25.992,52.76,10.886,81.628,53.059,32.823,3.8581,-68.566,78.717,200.39,-226.11,370.4,-4.7415,-133.35,-190.69,180.01,-84.705,205.12,-193.61,13.684,29.446,-103.6,21.56,-60.396
12,28184,-3574.2,-5120.8,-289.22,-127.14,-960.85,-653.5,453.05,311.93,52.051,-153.16,-1061.9,48.72,503.97,-246.04,-2130,-1121,-731.26,-390.08,101.19,274.35,477.46,387.07,-34.759,-458.77,134.4,279.8,581.43,54.486,-105.93,-10027,3502.6,-595.62,1381.2,549.89,200.69,1050.5,-760.48,655.74,-494.66,2.6944,996.76,210.67,-563.7,606.43,1762.4,2228.8,2218.3,-481.7,130.68,-803.81,-606.96,-502.48,-70.55,-167.26,144.8,-260.25,-275.58,-69.187,171.76,-6393.5,2031.9,3148.7,-1866.2,1479.3,331.57,123.57,604.63,-710.4,641.89,464.72,-239.24,-155.07,333.69,-331.43,1516.7,-2349.8,-202.59,-1022.2,-452.56,8.403,262.18,-316.67,188.95,520.04,-110.1,-175.53,96.059,-7.877,208.45,-332.09,-1534.1,5193.1,975.5,-625.69,-7.7578,-820.34,78.167,348.14,493.4,-212.19,-292.87,-57.902,-242.97,492.71,-293.41,-532.31,-1130.4,1117.4,-455.86,309.32,-87.957,34.9,299.59,117.34,32.373,63.384,79.074,123.05,-0.27005,1399.1,-175.04,377,248.18,-1481.2,185.74,-304.61,349.44,74.826,-650.22,130.21,126.05,-54.297,163.95,-128.56,-129.9,580.55,-1497.5,1130.1,723.64,137.5,252.04,4.1884,-195.27,203.63,30.875,26.089,137.9,-138.31,-90.726,1486.7,281.31,-1471.8,122.95,-709.97,14.053,278.66,-322.77,2.7297,81.448,107.43,-14.733,82.708,224.04,-486.45,-83.929,-6.4996,-32.103,-29.358,996.35,-379.63,81.327,-195.35,-124.05,-22.951,-424.74,75.701,69.616,-173.09,295.09,777.78,286.44,-1388,-62.797,553.8,-78.19,777.38,45.594,64.238,-140.35,-323.93,381.46,12.45,-65.791,349.86,374.71,-265.72,919.36,-877.88,503.92,-405.19,-297.88,402.35,-53.078,-24.358,116.31,-73.006,-29.214,-22.142,-143.79,630.94,88.353,-873.52,-249.97,1088.2,103.11,-15.221,190.34,-310.05,229.2,184.59,-187.93,93.151,-13.993,-107.25
13,31869,-1946,-2135.4,501.82,206.76,-1289.9,-1345.7,112.34,225.83,524.73,-608,-373.23,-352.5,-501.51,222.76,3128.9,-567.76,-1304,-850.73,-30.557,282.08,33.093,-29.28,-551.52,245.07,-28.926,116.56,-161.19,53.917,110.73,-3654.4,-748.29,-1443.3,226.33,273.14,1976.3,-2.871,549.86,-448.19,-99.135,516.04,322.53,80.131,689.66,-108.38,161.23,800.36,-985.89,40.876,570.83,-162.06,69.645,-112.34,-380.63,-241.85,267.14,-114.1,82.101,34.306,-59.25,-1430.3,3803.6,299.53,396.29,726.63,948.39,155.15,140.75,-808.09,447.75,-381.26,485.91,169.95,303.12,-218.62,-1359.8,57.74,-291.05,339.78,789.77,-251.31,-194.77,-496.91,94.059,-95.16,155.38,-154.43,278.93,-262.65,193.51,-308.97,1325,3558.6,1101.2,-1087.8,-306.19,-1068.7,149.42,-287.97,995.68,-360.65,152.58,-636.44,-146.2,-205.15,-1381.9,316.39,1172.9,229,-290.43,67.388,-169.68,47.788,-77.672,8.6415,200.35,19.503,-30.39,39.479,0.8898,881.03,630.53,979.47,-422.44,-1445.4,283.18,-155.06,-231.59,64.704,-385.99,257.38,-237.58,-497.6,533.82,-322.91,245.91,176.87,522.29,268.85,-243.5,-35.262,-447.14,287.89,16.076,280.39,-57.698,-79.736,-159.74,55.545,67.611,1416.5,-649.82,-6.9964,-176.02,-69.688,-473.18,589.92,-348.69,463.61,-292.42,-251.25,-221.25,441.34,-332.9,231.92,662.11,-265.18,907.68,-278.19,-805.69,166.44,330.28,148.1,57.186,-301.76,-251.66,326.93,-178.42,32.203,-106.08,546.62,-454.29,48.017,256.23,268.43,-266.9,813.35,-728.88,239.77,-521.39,141.24,113.47,-128.62,22.661,-145.58,854.67,-67.09,-381.89,-212.21,-149.32,99.86,84.845,-372.55,80.247,-329,-103.96,126.2,-163.22,106.86,-163.57,275.02,-65.54,-615.55,469.16,781.69,-378.6,-15.182,-386.57,-32.106,-76.635,-129.76,-5.3501,47.952,-140.15,45.707
13,25211,408.73,-529.02,1269.9,377.33,-1345.9,-295.53,398.99,299.64,117.73,80.438,-189.17,-6.9327,-226.71,-56.828,-2279.6,-1034.5,-777.45,-845.95,-597.91,-235.84,-151.99,-426.86,-369.18,-15.708,115.85,-208.12,36.633,-33.985,177.4,-2525.3,-271.67,-629.38,424.66,865.14,142.11,1207.6,10.236,109.13,-278.06,366.57,-188.47,451.81,-34.699,104.64,-219.15,-1126.3,-572.46,-535.68,-258.79,-2.6756,-192.09,-277.4,-75.287,97.337,128.12,-71.362,128.99,48.479,150.16,3.1514,1993.6,1402.8,-224.24,273.21,-329.02,746.4,147.94,-28.666,281.69,-160.93,127.07,-27.626,-65.561,-78.471,211.2,-737.01,-257.5,1.8112,-105.85,-61.008,28.019,-43.563,127.94,22.654,226.46,-144.1,188.15,-111.27,198.38,246.02,876.99,1161.1,-153.63,537.65,-561.7,-199.37,378.22,-634.66,18.103,416.59,-166.77,123.25,-58.054,-162.07,808.47,-138.99,-249.05,47.606,106.4,102.51,102.35,-20.506,351.28,16.938,70.779,-260.79,235.51,84.872,77.748,670.34,-316.11,721.59,-846.4,-467.63,-134.61,34.406,103.25,-80.712,-8.0666,-217.96,-230.08,-265.59,96.538,312.82,663,356.57,166.78,93.563,-10.189,16.304,-93.459,106.51,171.52,-36.019,167.23,-134.12,298.04,-28.904,6.8599,239.26,-353.97,301.95,-974.67,-46.385,612.17,-199.21,147.68,-343.88,-278.27,355.56,-254.45,114.2,-53.505,-111.76,737.63,509.76,-207.22,-102.87,-96.396,-123.83,-98.462,75.499,68.866,21.861,133.45,-24.175,127.17,-147.88,-58.269,548.79,-610.43,-75.48,100.66,283.15,638.57,-171.09,-99.541,-26.796,-215.79,295.88,12.426,15.901,-6.3875,65.356,239.73,292.28,-115.33,-243.66,-355.91,-208.98,-78.312,48.326,-43.963,37.279,70.542,-126.96,16.822,-16.228,-23.395,96.43,-239.16,265.12,450.44,234.38,385.57,-215.47,-203.61,189.12,50.872,265.98,-213.75,-163.65,31.702,30.736
13,30060,-289.16,-404.95,749.08,165.92,-1839.8,-684.25,-170.93,389.59,165.67,-73.075,-418.06,-76.048,-404.55,-95.934,4402.6,-752.28,-238.65,-359.4,206.02,-597.22,37.354,-723.7,-100.84,-121.34,12.361,-88.496,-125.54,-201.84,-87.62,-4846.5,-2028.7,-1276.9,-206.74,550.59,556.82,305.52,-303.73,-52.701,-349.65,189.32,-12.125,280.46,47.558,203.37,-1665.3,454.18,-168.98,-81.839,-117.42,48.723,256.11,-77.064,0.71898,-139.47,-69.768,-157.37,87.975,120.7,72.751,-2207.1,1014.6,749.28,-554.51,617.42,420.71,606.7,-45.877,130.33,-282.74,-147.92,175.46,196.05,108.26,44.353,-568.29,772.63,-213.99,561.97,544.45,-141.29,-244.81,-207.52,-35.12,199.93,-135.78,-68.388,176.62,-80.665,3.441,-1607,116.8,2299.4,1036,330.1,-647.32,-446.71,-59.831,-253.06,704.69,40.378,-161.62,97.891,-365.81,-7.3771,-1286.8,312.34,445.44,480.05,-438.31,-141.58,-504.24,11.589,-68.381,200.88,-144.56,-40.969,98.894,-75.898,196.5,201.99,-329.67,736.66,-284.88,-780.21,171.27,-131.49,463.77,-83.998,-321.21,44.946,-8.7117,-184.05,307.86,160.89,-171.99,28.473,-340.67,-308.3,-138.79,-207.88,-11.911,234,-184.21,33.917,-3.4339,112.68,-45.246,103.53,-14.075,357.49,165.75,183.18,-406.73,-448.13,254.29,-182.8,557.99,-101.37,208.11,-33.22,-1.2996,164.46,-111.4,150.04,-214.65,-333.5,294.45,32.247,-6.667,-70.693,-70.161,391.37,63.926,162.47,-34.695,29.997,155.84,-128.05,-83.932,798.71,-106.86,-109.75,48.153,-553.89,656.93,174.63,302.39,118.89,-164.01,175.49,140.17,-21.883,131.64,-213.17,108.61,-241.28,218.46,-192.15,-82.982,298.54,-4.8943,216.38,-5.8519,-221.55,-42.355,60.901,-131.48,57.594,-121.47,485.88,80.784,-399.94,-142.59,-172.43,498.95,165.79,-147.97,64.537,31.808,44.247,10.058,-195.63,9.3515,-110.26
14,24133,-1152.1,779.21,-221.21,276.15,-807.66,-419.08,-137.2,644.09,-284.51,81.468,-533.31,0.83896,-134.43,206.01,-1106.9,-201.71,-2.9293,648.33,-390.93,271.55,-185.3,387.55,-156.52,140.71,7.3368,41.337,-113.13,112.47,-101.71,476.1,-3092.2,-434.62,-612.11,741.94,517.38,407.62,-439.75,-100.51,-180.83,343.86,77.561,-52.435,-74.888,9.8845,-2.311,-607.13,-25.759,270.27,-422.29,-219.05,-229.26,238.46,-227.28,78.435,47.079,151.44,1.9419,74.009,-14.51,725.71,-1509,-65.252,20.053,-238.45,904.39,799.84,-405.76,-38.386,-268.43,268.42,-237.9,147.94,-52.977,-69.607,320.23,-139.48,236.67,-17.859,-84.524,-368.83,-64.444,63.16,-73.138,-118.19,-63.248,40.577,-103.56,12.262,-32.223,-523.52,-1063.6,-134.84,243.43,-80.938,145.48,-5.2112,-86.511,76.776,235.24,-91.634,19.909,-147.04,30.161,265.36,630.45,1.7553,29.473,157.91,216.85,-374.22,249.32,45.773,-111.93,23.387,64.109,-16.89,-26.73,-6.423,-74.477,180.71,-1467.8,-456.22,354.81,-320.39,390.5,-269.26,147.16,-262.78,30.49,217.87,-41.509,18.159,-24.877,117.68,-21.666,316.94,-160.22,209.69,201.24,-269.44,229.6,-15.018,6.5751,-47.892,108.67,10.979,21.277,-53.197,39.355,147.8,-1046.8,53.833,307.05,-289.34,200.45,48.018,-108.57,143.62,-193.47,78.748,54.579,-142.37,153.4,-123.79,-367.32,563.1,-638.71,421.48,107.07,-227.96,108.2,-68.99,-58.852,-72.737,139.5,-107.75,62.796,-79.034,57.325,485.89,-787.38,203.58,68.567,141.34,-70.031,75.113,-115.55,-174.05,323.92,-230.58,128.72,-113.33,-47.092,61.027,-782.78,583.31,-657.82,352.32,73.404,-192.22,50.985,19.357,-67.802,-11.453,62.871,-45.044,84.497,-95.305,128.61,484.53,-588.55,335.95,118.6,-138.54,79.09,-56.489,1.8948,-33.431,75.882,-0.79341,52.769,-81.708,-4.3435,-28.67
14,36277,-303.22,-3074.9,1841.4,-384.58,-586.56,-2016.1,-817.22,662.88,810.58,-417.52,-126.55,-505.26,-419.31,122.94,472.51,-440.16,-464.23,-550.98,-477.33,-438.43,-293.77,220.44,218.2,155.71,28.22,94.092,-117.87,-150.68,180.28,-1945.1,-85.361,-1739.6,331.49,-40.809,1988,-106.37,15.477,-919.25,-400.08,702.43,120.46,309.79,-34.637,-288.72,-1269.1,764.01,77.707,-196.06,-14.118,-223.44,-144.03,-67.465,-516.07,-16.657,241.8,286.58,-137.08,103.77,121.86,-3135.6,110.03,-442.8,-278.79,1968.8,950.72,738.47,-348.63,-625.35,-53.817,30.334,490.99,259.4,-243.23,201.98,488.56,-804.2,122.98,-394.66,-82.569,142.56,219.27,-56.097,113.11,102.38,-79.215,-75.469,32.103,134.2,-53.309,-1361,-2548.4,2243.3,761.78,622.28,20.864,-70.029,-1.7815,396.5,383.07,390.95,14.778,-162.1,0.73243,-183.3,-197.54,-190.26,-155.94,-499.79,-430.92,-85.784,168.27,163.32,46.73,161.81,-54.724,-18.419,-185.78,159.8,-8.6116,1200.9,222.68,644.46,-13.912,1.9676,95.884,422.48,283.74,-450.01,420.08,281.08,245.98,-216.67,167.21,-10.57,258.43,167.28,-920.38,-357.64,77.258,110.75,433.41,-174.46,-10.24,88.081,31.902,30.177,-54.44,72.509,-98.441,1700.1,1810.1,285.47,0.80245,-520.61,-1.1051,-104.8,8.072,-1.6549,127.58,-366.35,-137.36,224.97,235.08,-43.564,-313.58,326.53,-144.78,-360.94,124.84,214.57,354.51,-190.56,360.81,-192.46,-35.534,-105.78,315.17,100.48,-35.877,1265,2222.2,349.64,-448.44,-514.47,-109.33,596.24,-322.78,-110.78,-384.66,78.5,-206.25,73.958,-81.682,-24.1,242.54,79.099,136.27,-0.42496,102.57,294.15,153.5,86.979,-9.9748,-121.17,83.824,-13.859,21.847,-58.527,29.631,1320.4,1086.7,-254.41,-470.77,244.09,-127.49,197.29,-94.185,129.4,-122.58,66.153,-152.73,-136.76,145.26,142.68
15,19362,-949.25,-191.15,350.41,-121.08,-620.76,-112.26,-98.378,430.4,-56.062,-35.884,-42.414,126.4,-199.78,-238.7,-2088.1,-261,-116.48,280.46,-163.58,130.19,-54.184,-43.871,-45.12,-45.539,-6.8999,-44.692,51.165,56.607,-3.5572,1665.7,-2401.3,443.76,-675.17,154.03,363.56,376.26,-43.303,-93.206,108.38,-103.26,132.73,160.51,0.61607,46.937,-794.57,-670.95,193.18,92.412,-193.35,27.925,-15.54,77.94,78.033,-0.97402,19.739,-31.442,79.856,-24.202,-41.554,1315.4,274.23,272.16,-451.08,-421.14,246.32,731.16,111.39,96.32,50.959,105.73,-220.3,-71.834,95.753,148.25,-72.524,-730.72,388.26,-47.194,-170.15,113.48,40.227,-64.975,121.95,70.45,-14.328,2.216,93.506,-31.496,-20.736,704.37,400.28,360.52,816.5,62.945,-162.05,-2.5576,110.54,80.432,151.69,-80.238,142.87,-31.251,100.41,-68.019,195.62,-397.88,-126.21,180.69,-193.04,125.25,138.11,113.58,83.565,61.833,-62.201,-1.7721,91.624,55.038,-14.416,597.59,961.32,157.31,139.91,212.66,-295.73,6.3529,108.86,-140.88,-114.97,43.973,81.791,86.874,46.681,-201.35,-175.7,131.35,-29.527,218.3,-364.01,238.65,235.66,145.78,-44.646,16.393,1.2282,-16.288,108.8,11.821,-21.093,406.09,697.13,278.33,-251.79,99.563,-285.22,-125.26,-33.986,47.755,-103.62,-28.15,-32.023,-191.47,66.629,18.236,81.302,385.92,-47.875,187.22,-141.08,-32.021,302.49,237.34,-150.48,3.6752,97.669,-24.139,48.071,-24.077,-77.52,359.53,228.9,-192.34,-18.555,-5.8162,-125.03,-74.833,-133.34,-44.992,30.181,-72.895,-16.064,58.22,7.6045,-19.862,229.1,463.27,250.11,-225.12,72.372,-162.61,236.1,152.49,-92.225,20.722,45.464,-9.2483,-24.129,-4.7711,-34.462,-152.58,13.095,-6.1956,-136.95,-83.371,75.535,-53.433,94.114,57.49,-81.678,-37.484,0.26451,113.84,70.118,1.3536
16,30218,-1030.7,-1686.9,857.56,-636.71,-268.51,-654.19,263.69,-235.52,92.247,-376.38,-405.86,189.8,187.46,-170.28,-5368,401.95,-233.41,162.84,-454.76,-429.29,270.46,-250.44,313.97,-244.38,-95.868,-132.55,71.475,91.858,99.26,2490,-2368.7,-1352.9,1289.9,-251.15,758.99,411.69,-28.026,151.86,90.227,-62.707,178.9,-297.91,157.68,100.67,-2901.1,-982.46,-947.92,539.23,-835.79,7.9339,-305.14,14.003,-60.421,63.688,39.95,50.951,-31.251,-129.85,2.5944,1277.3,81.328,212.03,315.55,369.58,94.383,246.81,78.106,9.0854,23.689,220.12,14.237,-78.099,-330.73,-70.263,-826.47,-1716.8,-192.17,704.47,-92.739,180.1,-381.16,197.3,-74.744,300.45,229.18,-154.59,-46.554,-33.129,-20.13,496.09,386.79,252.59,263.96,-137.4,-356.71,-95.408,-89.66,143.5,-456.53,38.583,-66.045,309.1,126.24,59.154,529.87,-1799.9,212.38,648.04,675.21,317.26,-7.8404,307.54,-93.523,142.76,-150.39,97.275,31.972,122.06,-101.49,602.36,208.81,30.186,-424.79,-279.65,-245.78,-394.53,57.746,59.218,29.681,110.73,16.34,76.191,-126.44,148.78,5.5955,-636.2,166.65,538.41,435.4,175.73,66.578,257.15,-155.98,-128.75,-214.99,208.99,-14.796,159.17,24.229,592.99,-227.16,434.79,-543.26,-57.578,17.63,-426.35,305.02,-346.17,380.86,167.81,-36.28,17.664,-110.1,-170.9,-137.91,259.08,-167.89,-43.775,309.61,95.023,-331.03,-3.1222,-43.711,-76.332,234.77,-65.571,91.594,-131.33,17.943,83.45,-158.72,-105.83,283.05,48.294,17.085,-294.89,238.22,11.281,224.25,-209.87,39.391,-217.84,87.395,103.79,477.32,155.68,-42.36,-583.83,35.573,-2.0858,-217.37,16.056,54.905,41.705,187.78,27.958,6.452,-208.2,33.919,-610.08,11.144,-119.09,438.01,147.93,-6.162,4.7936,-46.638,-41.928,-8.6661,-7.0832,66.337,-49.52,-67.61,31.647
17,23495,-469.31,369.73,1776.1,-533.08,-351.16,-855.69,76.933,-306.9,383.49,58.272,43.319,-96.404,-209.65,-150.17,-2873.8,-708.74,168.4,-458.84,656.75,55.17,148.56,308.82,-199.94,54.634,-61.879,57.383,-29.269,-37.968,90.724,2016.6,-2643.1,-1024.6,27.4,-796,1022.5,337.36,-165.21,-186.49,-242.19,-81.669,13.082,-99.598,417.22,41.932,-1188.7,-322.6,-226.36,-111.99,222.98,47.131,247.8,-162.05,186.4,-163.85,123.45,-24.603,-19.884,81.933,-4.382,906.54,128.99,-388.63,-581.19,83.042,278.55,332.73,253.54,-330.72,347.99,-310.83,200.73,180.78,-17.98,-228.6,-919.37,576.2,-76.259,-185.96,220.81,-41.098,150.54,-250.46,251.21,-94.556,157.4,-130.47,100.4,-18.522,-26.794,168.31,763.64,83.178,283.66,414.84,-533,235.83,126.5,19.761,-150.88,172.99,176.86,5.6727,85.641,88.508,-494.35,709.87,-206.93,142.6,-151.88,16.821,-65.572,-233.65,344.27,-236.04,161.27,-228.79,85.092,-118.65,194.71,416.93,1579.1,212.34,-574.63,295.42,-369.63,117.34,287.99,146.51,16.632,-139.94,30.111,-15.917,85.483,219.82,-284.56,263.78,254.62,64.894,-102.83,53.46,-197.82,-53.437,-41.794,192.55,-59.554,-128.84,3.7809,-149.72,116.46,497.43,1714.3,568.33,-230.67,-185.08,-172.07,-236.51,360.9,289.66,-179.3,70.729,-113.01,28.72,-56.686,-67.432,-286.14,-189.98,595.45,-14.107,-145.8,128.36,-332.19,5.4458,-182.53,244,-126.29,12.096,62.399,-234.85,-32.745,815.18,1048.5,-87.699,92.803,4.6191,74.03,-402.33,-206.93,314.76,-166.82,206.69,-1.7094,-180.15,-148.19,-91.162,-279.08,-312.39,255.6,28.849,-0.73338,-83.297,-59.139,-59.688,-142.77,167.62,-16.537,174.07,-200.62,-42.196,-57.232,478.93,299.15,-35.568,-52.109,-202.29,-84.746,-1.4407,-194.69,201.96,-106.98,-169.29,-167.94,57.829,152.01,-35.876
18,46711,6420,-3727.8,3285.4,-695.23,-1002.9,-949.6,-520.59,1171.6,763.17,-461.19,-428.97,-563.96,141.31,335.09,1516.6,-1700.1,406.88,-965.66,-2.1908,228.72,-212.16,501.36,88.429,-155.19,-215.29,-201.45,240.12,85.996,-5.4294,-3693.5,4623.9,-4270.6,1156.2,-1882.2,1816.1,818.05,-1113.8,100.82,-1005.4,907.34,-107.43,404.54,303.64,-572.88,-2671,959.34,-980.11,-127.85,297.19,-292.43,59.827,-350.77,-129.07,411.14,-56.983,213.84,-182.4,-259.47,-64.082,-436.33,535.88,-567.45,-429.12,-273.22,1038.4,179.43,178.12,5.3104,-903.88,498.73,-107.58,319.85,269.2,-353.06,-1639.6,548.32,-572.98,-190.76,94.032,-255.31,363.88,-516.38,163.66,206.7,-98.831,62.795,-23.291,-25.68,22.21,1190.7,-2185.6,2704.4,767.88,-426.16,7.2282,-1020.8,527.12,661.55,-56.45,222.45,-495.25,163.53,-209.73,92.459,-80.901,-297.02,517.15,-158.89,127.34,196.06,-56.292,133.46,121.95,-136.86,92.558,-9.8419,-62.551,329.38,21.921,1526.9,263.94,-195.78,244.65,-327.02,302.44,-37.544,142.7,-550.44,241.32,325.38,-93.363,-216.79,-37.769,246.24,1335.4,-785.56,1261.1,598.88,-84.948,809.11,-413.58,298.55,-167.64,6.1286,314.88,-15.938,81.294,90.41,-84.073,334.23,809.3,-353.47,-208.19,-201.04,-220.69,232.15,286.29,-245.5,235.11,-242.73,-67.06,404.74,-459.8,141.42,536.8,942.55,548.99,806.8,16.045,45.833,-35.707,-90.296,-5.4582,-146.4,237.02,115.14,-36.913,-141.17,92.839,-359.8,734.58,292.26,-236.25,12.123,58.265,-69.676,256.18,-67.899,26.927,258.53,-46.424,14.118,-222.83,163.5,233.02,1325.7,-423.55,166.01,254.59,-695.06,413.88,-342.95,-335.78,190.8,-40.115,140.21,-110.96,-223.98,7.8857,186.19,268.86,393.08,364.74,145.11,-100.2,124.76,-8.9986,75.268,-3.0515,18.546,-23.845,-55.523,48.786,154.85
19,9751.4,771.33,-3022,-23.701,929.62,-2017.1,-1324.3,689.86,138.58,486.48,202.7,-170,18.558,232.16,-282.38,1118.2,-75.528,-1520.6,-212.58,-924.68,-952.7,-119.04,-278.21,359,-117.23,95.193,40.809,-178.21,-134.46,-32.387,-310.92,-970.99,-614.13,-44.581,300.37,664.12,1475.2,-333.97,119.11,41.009,274.88,325.61,196.79,-28.393,285.53,-356.12,-94.354,-904.67,239.08,479.39,-13.265,183.35,-678.34,-55.39,-258.42,38.661,-30.327,97.437,30.476,-100.27,-490.94,104.91,1105.8,-1113,1775.4,460.53,441.68,246.51,75.371,-224.78,48.928,-73.793,-147.46,203.88,-15.885,-1547.5,-992.1,-174.27,-253.16,945.92,170.16,-32.169,-182.62,125.69,-327.81,-393.49,-133.09,-57.497,112.42,29.341,-1631.2,-488.21,2641.9,274.64,464.59,35.387,-383.17,142.36,-202.72,419.47,-276.82,-56.612,178.12,-270.49,-153,-1936,-551.18,1322.1,-85.483,-217.97,292.9,139.27,-396.6,2.26,-111.78,98.381,-24.852,-295,-193.99,4.9269,-54.165,383.85,378.31,553.51,-420.8,149.57,72.298,-389.05,125.26,-303.32,256.93,-269.84,-85.288,36.472,325.81,232.65,-774.39,622.46,218.51,83.923,4.9741,-515.94,-122.79,102.97,-4.2454,128.5,-316.52,149.45,163.78,58.564,199.08,-267.19,101.66,392.77,-573.91,-287.36,-129.54,-231.4,470.76,23.091,-7.6279,-148.58,41.004,143.93,6.61,-68.244,-123.23,728.1,-62.011,-497.83,-138.89,318.97,-93.662,59.479,69.171,56.739,207.66,31.495,55.622,40.459,-118.8,667.97,-481.4,-142.22,-576.88,-112.48,550.89,-141.63,19.371,54.064,-65.523,245.58,30.139,-199.45,-102.16,692.26,113.64,-150.06,-189.54,-41.29,-262.87,-15.79,69.219,186.55,198.39,89.608,83.232,-31.824,-10.063,76.642,222.32,400.56,-594.21,-45.323,20.314,-228.35,-57.399,59.976,79.81,-127.77,55.047,-119.15,-31.063,-57.603,97.232
19,17921,-1596.9,-679.97,281.92,755.38,-973.04,-912.04,619.46,277.31,-327.52,-183.52,89.585,227.37,113.3,-18.282,-394.21,345.42,352.38,126.29,-19.329,76.568,-325.15,14.516,-1.2296,-4.1408,80.37,5.7465,-10.849,-106.09,97.813,959.19,-4420.1,-305.28,1411.3,375.14,52.65,955.73,-9.33,-423.73,142.72,437.67,-169.96,238.43,80.907,-189.14,1651.8,1206.1,308.87,565.79,53.599,155.57,-199.13,6.8451,-65.23,49.043,17.059,-150.42,99.406,46.41,20.273,1281.9,-459.64,1666.1,-151.12,441.6,397.9,141.87,-143.84,797.54,-24.802,-69.107,440.86,-364.65,-551.2,226.67,858.24,1599.4,49.409,269.32,-108.84,-37.56,-190.19,-227.07,28.056,-162.83,-82.723,7.1521,19.916,-3.652,60.646,670.78,438.84,977.74,981.75,565.93,-301.82,-170.85,228.23,-528.12,102.16,260.92,-247.03,197.27,412.41,-181.03,852.29,1375,-715.78,-591.98,-106.33,-108.19,-130.06,-129.11,36.036,-87.929,17.078,-39.441,-115.18,-7.8548,-36.172,614.45,1180.2,54.526,775.05,-413.66,-228.02,172.72,-376.76,333.67,-62.749,-168.88,-1.3242,60.094,-82.738,59.282,201.21,823.66,-629.76,-788.17,-92.192,-240.36,116.53,-314.98,56.693,35.059,-48.377,-3.1205,5.9501,-59.788,-113.27,-118.25,1241.5,140.13,-237.5,-466.13,-146.23,-17.916,-294.04,167.9,166.08,-95.488,13.226,42.304,-96.794,20.813,100.38,487.67,-550.69,-1191.9,286.17,202.07,107.57,-290.47,74.316,-36.51,-96.869,89.704,-89.887,-55.805,168.67,-77.953,864.05,-444,-606.57,-56.926,-105.13,71.314,4.9038,51.269,-106.18,81.745,-137.89,29.521,36.855,-21.423,-112.24,-3.3043,-71.88,-791.31,368.37,107.08,42.617,-164.9,-95.022,-103.65,134.85,-14.824,-70.773,-6.1184,17.677,-330.57,390.26,-281.78,-725.96,-169.51,192.43,182.7,-33.699,-63.788,20.105,46.725,-163.55,78.558,-71.096,-24.451
20,37146,4653.2,-2661.1,1970.3,1679.8,-2974.5,-1357.4,465.45,658.82,541.34,-435.26,-555.81,-307.93,-81.376,355.9,596.62,-442.54,-338.98,-63.969,482.97,294.88,-201.07,-155.09,-6.4134,59.987,115.45,98.157,-242.67,-2.902,137.92,-7671.6,-957.68,-2225.5,569.61,313.72,1126.3,361.15,-283.45,-242.67,-436.49,378.7,106,311.03,199.68,-319.25,228.3,280.18,-788.31,301.39,-169.58,144.21,97.852,27.094,103.83,-168.36,-24.439,203.76,-67.26,91.431,44.455,-3070.9,659.96,885.66,-2019,1287.7,699.92,357.13,350.83,-950.73,-426.42,992.16,-73.935,-80.677,140.51,-23.578,-371.8,366.57,-135.27,-348.93,446.96,-347.45,-124.84,128.74,74.355,-291.68,432.33,-119.93,-105.38,-32.73,117.87,-75.797,-1002.4,1036.8,932.99,-152.54,-555.85,-322.99,281.54,138.06,921.58,-577.37,-19.548,-250.28,-92.822,131.58,535.88,-340.06,156.4,-218.07,483.48,-495.51,18.68,125.33,-397.61,154.83,2.4617,65.409,-46.744,51.656,-145.39,1171.7,468.82,-442.43,142.76,-769.24,596.56,-95.649,394.07,104.13,-485.91,404.1,144.47,-162.2,257.4,15.625,158.63,-189.98,-207.64,754.87,-266,124.57,-570.39,354.3,-140.04,53.522,-45.693,-22.174,-145.3,188.63,-21.616,650.25,442.58,481.48,-448.89,-9.0193,-237.65,267.19,-174.22,357.91,-197.8,-60.861,12.291,277.45,-217.99,12.341,218.62,47.247,-440.48,281.43,109.17,-40.221,18.252,39.305,79.67,-194.81,282.37,-232.97,153.49,6.2592,-191.77,1097.3,610.53,-695.1,-314.94,219.39,-108.82,257.31,-172.11,-141.06,212.32,-55.402,-2.431,-230.75,-116.54,98.648,385.95,133.5,-530.45,186.26,408.62,-513.32,462.88,-43.271,14.415,86.185,-55.875,4.0538,-54.332,14.901,168.88,150.12,427.49,279.07,-415.4,-373.9,176.01,-159.96,-32.965,48.385,-104.27,-122.71,-198.38,-65.98,87.237,109.23
20,20899,-4030.7,-2759.2,497.75,-128.94,-955.31,-867.64,502.15,283.39,504.16,143.9,-202.47,-199.69,-325.78,-436.98,-3544.9,1124.1,-953.73,-319.9,373.19,-233.76,926.01,-570.38,68.031,-105.83,-347.89,176.85,29.736,33.88,178.58,-459.75,-2143,694.42,965.77,255.58,560.49,-351.55,717.51,-635.83,166.62,78.08,-83.358,770.65,62.072,-30.804,-807.73,1086.1,-384.22,-72.231,133.71,-405.29,598.09,-427.85,267.62,-148.46,-275.58,94.159,-48.74,-9.8432,103.69,-415.32,-506.62,957.08,-193.66,-18.907,190.94,456.99,680.41,-203.05,-355.34,-98.763,-101.28,68.777,85.608,-15.912,-546.29,816.29,-313.04,-410.82,-311.24,-320.59,132.83,-391.37,38.588,72.533,50.036,75.003,79.782,35.212,-57.883,35.134,-1144.5,1329.1,573.7,431.02,-378.55,-22.7,-34.099,-307.34,175.42,5.5304,-149.13,192.84,-93.777,-473.83,165.86,82.452,-417.26,-250.35,-7.4704,232.05,89.204,-119.64,102.49,-206.94,13.697,-63.006,199.23,58.543,-81.312,644.45,-773.97,426.77,144.5,139.49,1.1972,329.16,172.79,-382.99,-174.2,-203.18,-107.59,128.64,365.98,-76.695,-124.53,-233.24,92.265,-232.92,-145.3,291.32,82.33,84.684,159.81,-344.21,221.87,-222.62,127.25,20.468,-131.1,307.03,220.16,447.65,-129.34,-215.32,-302.7,-40.135,-71.168,37.064,-54.736,204.02,221.7,-71.962,184.42,-289.93,137.53,-120.68,50.78,-159.81,-30.702,490.69,37.115,-61.407,30.05,-330.57,87.577,-384.29,216.55,32.417,-145.32,517.72,74.458,-789.36,-249.68,0.12037,90.431,336.23,148.32,-95.928,245.22,179.49,-83.132,-183.06,-12.944,-226.09,136.65,41.72,125.49,-63.653,-359.76,-3.7456,-214.54,-28.226,-30.382,-49.795,161.04,-70.376,255.65,113.73,-186.27,404.58,479.65,-191.71,-132.58,-113.16,-39.658,168.18,-42.953,134.02,-114.97,-73.033,-48.986,-107.53,125.36,-40.723
